2026-03-24 00:30:33 - QuantSystem - INFO - Starting DataFetcher test...
2026-03-24 00:30:33 - QuantSystem - INFO - Test 1: Fetching global index ^GSPC via yfinance...
2026-03-24 00:30:33 - QuantSystem - INFO - Fetching yfinance data for ^GSPC from 2026-01-01 to 2026-03-31
2026-03-24 00:30:35 - QuantSystem - INFO - Saved ^GSPC to cache: cache/GSPC_2026Q1.parquet
2026-03-24 00:30:35 - QuantSystem - INFO - Success! Fetched 55 rows for ^GSPC
2026-03-24 00:30:35 - QuantSystem - INFO - Test 2: Fetching domestic index sh000001 via akshare...
2026-03-24 00:30:35 - QuantSystem - INFO - Fetching akshare data for sh000001 from 2026-01-01 to 2026-03-31
2026-03-24 00:30:50 - QuantSystem - WARNING - Error in fetch_akshare_data: ('Connection aborted.', RemoteDisconnected('Remote end closed connection without response')). Retrying in 5s... (4 left)
2026-03-24 00:30:55 - QuantSystem - INFO - Fetching akshare data for sh000001 from 2026-01-01 to 2026-03-31
2026-03-24 00:31:03 - QuantSystem - WARNING - Error in fetch_akshare_data: ('Connection aborted.', RemoteDisconnected('Remote end closed connection without response')). Retrying in 10s... (3 left)
2026-03-24 00:31:13 - QuantSystem - INFO - Fetching akshare data for sh000001 from 2026-01-01 to 2026-03-31
2026-03-24 00:31:21 - QuantSystem - WARNING - Error in fetch_akshare_data: ('Connection aborted.', RemoteDisconnected('Remote end closed connection without response')). Retrying in 20s... (2 left)
2026-03-24 00:31:41 - QuantSystem - INFO - Fetching akshare data for sh000001 from 2026-01-01 to 2026-03-31
2026-03-24 00:31:48 - QuantSystem - WARNING - Error in fetch_akshare_data: ('Connection aborted.', RemoteDisconnected('Remote end closed connection without response')). Retrying in 40s... (1 left)
2026-03-24 00:32:28 - QuantSystem - INFO - Fetching akshare data for sh000001 from 2026-01-01 to 2026-03-31
2026-03-24 00:32:36 - QuantSystem - ERROR - Failed to execute fetch_akshare_data after 5 retries: ('Connection aborted.', RemoteDisconnected('Remote end closed connection without response'))
2026-03-24 00:32:36 - QuantSystem - ERROR - Failed to get data for sh000001: ('Connection aborted.', RemoteDisconnected('Remote end closed connection without response'))
2026-03-24 00:32:36 - QuantSystem - ERROR - Failed to fetch sh000001
2026-03-24 00:32:49 - QuantSystem - INFO - Starting DataFetcher test...
2026-03-24 00:32:49 - QuantSystem - INFO - Test 1: Fetching global index ^GSPC via yfinance...
2026-03-24 00:32:49 - QuantSystem - INFO - Loading ^GSPC from cache: cache/GSPC_2026Q1.parquet
2026-03-24 00:32:50 - QuantSystem - INFO - Success! Fetched 55 rows for ^GSPC
2026-03-24 00:32:50 - QuantSystem - INFO - Test 2: Fetching domestic stock sh601939 via akshare...
2026-03-24 00:32:50 - QuantSystem - INFO - Fetching akshare data for sh601939 from 2026-01-01 to 2026-03-31
2026-03-24 00:32:52 - QuantSystem - INFO - Saved sh601939 to cache: cache/sh601939_2026Q1.parquet
2026-03-24 00:32:52 - QuantSystem - INFO - Success! Fetched 50 rows for sh601939
2026-03-24 00:36:00 - QuantSystem - INFO - Starting Engine test...
2026-03-24 00:36:00 - QuantSystem - INFO - Test 1: Risk Metrics Calculation (S&P 500)
2026-03-24 00:36:00 - QuantSystem - INFO - Loading ^GSPC from cache: cache/GSPC_2026Q1.parquet
2026-03-24 00:36:00 - QuantSystem - INFO - Loading ^GSPC from cache: cache/GSPC_2026Q1.parquet
2026-03-24 00:36:13 - QuantSystem - INFO - Starting Engine test...
2026-03-24 00:36:13 - QuantSystem - INFO - Test 1: Risk Metrics Calculation (S&P 500)
2026-03-24 00:36:13 - QuantSystem - INFO - Loading ^GSPC from cache: cache/GSPC_2026Q1.parquet
2026-03-24 00:36:13 - QuantSystem - INFO - Loading ^GSPC from cache: cache/GSPC_2026Q1.parquet
2026-03-24 00:36:26 - QuantSystem - INFO - Starting Engine test...
2026-03-24 00:36:26 - QuantSystem - INFO - Test 1: Risk Metrics Calculation (S&P 500)
2026-03-24 00:36:26 - QuantSystem - INFO - Loading ^GSPC from cache: cache/GSPC_2026Q1.parquet
2026-03-24 00:36:26 - QuantSystem - INFO - Loading ^GSPC from cache: cache/GSPC_2026Q1.parquet
2026-03-24 00:36:26 - QuantSystem - INFO - Asset: S&P 500 Test
2026-03-24 00:36:26 - QuantSystem - INFO - Total Return: -4.05%
2026-03-24 00:36:26 - QuantSystem - INFO - Sharpe Ratio: -1.787
2026-03-24 00:36:26 - QuantSystem - INFO - Beta (expected ~1.0): 1.0
2026-03-24 00:36:26 - QuantSystem - INFO - Jensen's Alpha: 0.0
2026-03-24 00:36:26 - QuantSystem - INFO - Test 2: Financial Statement Analysis (Mock Data)
2026-03-24 00:36:26 - QuantSystem - INFO - Report Type: Annual (FY)
2026-03-24 00:36:26 - QuantSystem - INFO - Net Income Growth: 50.00%
2026-03-24 00:36:26 - QuantSystem - INFO - Debt-to-Equity: 1.2917
2026-03-24 00:36:26 - QuantSystem - INFO - Anomalies: ['Significant Net Income change: +50.00%', 'Significant FCF change: +50.00%']
2026-03-24 00:36:26 - QuantSystem - INFO - Fundamental Health Score: 3/4
2026-03-24 00:40:12 - QuantSystem - INFO - Configuration loaded successfully.
2026-03-24 00:40:12 - QuantSystem - INFO - Loading ^GSPC from cache: cache/GSPC_2026Q1.parquet
2026-03-24 00:40:12 - QuantSystem - INFO - Loading ^GSPC from cache: cache/GSPC_2026Q1.parquet
2026-03-24 00:40:12 - QuantSystem - INFO - Fetching yfinance data for ^NDX from 2026-01-01 to 2026-03-31
2026-03-24 00:40:13 - QuantSystem - INFO - Saved ^NDX to cache: cache/NDX_2026Q1.parquet
2026-03-24 00:40:13 - QuantSystem - INFO - Fetching yfinance data for GC=F from 2026-01-01 to 2026-03-31
2026-03-24 00:40:14 - QuantSystem - INFO - Saved GC=F to cache: cache/GCF_2026Q1.parquet
2026-03-24 00:40:14 - QuantSystem - INFO - Fetching yfinance data for SI=F from 2026-01-01 to 2026-03-31
2026-03-24 00:40:14 - QuantSystem - INFO - Saved SI=F to cache: cache/SIF_2026Q1.parquet
2026-03-24 00:40:14 - QuantSystem - INFO - Fetching yfinance data for HG=F from 2026-01-01 to 2026-03-31
2026-03-24 00:40:14 - QuantSystem - INFO - Saved HG=F to cache: cache/HGF_2026Q1.parquet
2026-03-24 00:40:14 - QuantSystem - INFO - Fetching yfinance data for ^STOXX50E from 2026-01-01 to 2026-03-31
2026-03-24 00:40:14 - QuantSystem - INFO - Saved ^STOXX50E to cache: cache/STOXX50E_2026Q1.parquet
2026-03-24 00:40:14 - QuantSystem - INFO - Loading sh601939 from cache: cache/sh601939_2026Q1.parquet
2026-03-24 00:40:14 - QuantSystem - WARNING - No overlapping data for risk calculation.
2026-03-24 00:40:14 - QuantSystem - INFO - Fetching akshare data for sh601288 from 2026-01-01 to 2026-03-31
2026-03-24 00:40:16 - QuantSystem - WARNING - Error in fetch_akshare_data: ('Connection aborted.', RemoteDisconnected('Remote end closed connection without response')). Retrying in 5s... (4 left)
2026-03-24 00:40:21 - QuantSystem - INFO - Fetching akshare data for sh601288 from 2026-01-01 to 2026-03-31
2026-03-24 00:40:23 - QuantSystem - WARNING - Error in fetch_akshare_data: ('Connection aborted.', RemoteDisconnected('Remote end closed connection without response')). Retrying in 10s... (3 left)
2026-03-24 00:40:33 - QuantSystem - INFO - Fetching akshare data for sh601288 from 2026-01-01 to 2026-03-31
2026-03-24 00:40:34 - QuantSystem - WARNING - Error in fetch_akshare_data: ('Connection aborted.', RemoteDisconnected('Remote end closed connection without response')). Retrying in 20s... (2 left)
2026-03-24 00:40:54 - QuantSystem - INFO - Fetching akshare data for sh601288 from 2026-01-01 to 2026-03-31
2026-03-24 00:40:55 - QuantSystem - WARNING - Error in fetch_akshare_data: ('Connection aborted.', RemoteDisconnected('Remote end closed connection without response')). Retrying in 40s... (1 left)
2026-03-24 00:41:35 - QuantSystem - INFO - Fetching akshare data for sh601288 from 2026-01-01 to 2026-03-31
2026-03-24 00:41:36 - QuantSystem - ERROR - Failed to execute fetch_akshare_data after 5 retries: ('Connection aborted.', RemoteDisconnected('Remote end closed connection without response'))
2026-03-24 00:41:36 - QuantSystem - ERROR - Failed to get data for sh601288: ('Connection aborted.', RemoteDisconnected('Remote end closed connection without response'))
2026-03-24 00:41:36 - QuantSystem - WARNING - Insufficient data to process sh601288
2026-03-24 00:41:36 - QuantSystem - INFO - Fetching akshare data for sh601988 from 2026-01-01 to 2026-03-31
2026-03-24 00:41:37 - QuantSystem - WARNING - Error in fetch_akshare_data: ('Connection aborted.', RemoteDisconnected('Remote end closed connection without response')). Retrying in 5s... (4 left)
2026-03-24 00:41:42 - QuantSystem - INFO - Fetching akshare data for sh601988 from 2026-01-01 to 2026-03-31
2026-03-24 00:41:43 - QuantSystem - WARNING - Error in fetch_akshare_data: ('Connection aborted.', RemoteDisconnected('Remote end closed connection without response')). Retrying in 10s... (3 left)
2026-03-24 00:41:53 - QuantSystem - INFO - Fetching akshare data for sh601988 from 2026-01-01 to 2026-03-31
2026-03-24 00:41:53 - QuantSystem - WARNING - Error in fetch_akshare_data: ('Connection aborted.', RemoteDisconnected('Remote end closed connection without response')). Retrying in 20s... (2 left)
2026-03-24 00:42:13 - QuantSystem - INFO - Fetching akshare data for sh601988 from 2026-01-01 to 2026-03-31
2026-03-24 00:42:14 - QuantSystem - WARNING - Error in fetch_akshare_data: ('Connection aborted.', RemoteDisconnected('Remote end closed connection without response')). Retrying in 40s... (1 left)
2026-03-24 00:42:54 - QuantSystem - INFO - Fetching akshare data for sh601988 from 2026-01-01 to 2026-03-31
2026-03-24 00:42:56 - QuantSystem - ERROR - Failed to execute fetch_akshare_data after 5 retries: ('Connection aborted.', RemoteDisconnected('Remote end closed connection without response'))
2026-03-24 00:42:56 - QuantSystem - ERROR - Failed to get data for sh601988: ('Connection aborted.', RemoteDisconnected('Remote end closed connection without response'))
2026-03-24 00:42:56 - QuantSystem - WARNING - Insufficient data to process sh601988
2026-03-24 00:42:56 - QuantSystem - INFO - Fetching akshare data for sh601398 from 2026-01-01 to 2026-03-31
2026-03-24 00:42:57 - QuantSystem - WARNING - Error in fetch_akshare_data: ('Connection aborted.', RemoteDisconnected('Remote end closed connection without response')). Retrying in 5s... (4 left)
2026-03-24 00:43:02 - QuantSystem - INFO - Fetching akshare data for sh601398 from 2026-01-01 to 2026-03-31
2026-03-24 00:43:02 - QuantSystem - WARNING - Error in fetch_akshare_data: ('Connection aborted.', RemoteDisconnected('Remote end closed connection without response')). Retrying in 10s... (3 left)
2026-03-24 00:43:12 - QuantSystem - INFO - Fetching akshare data for sh601398 from 2026-01-01 to 2026-03-31
2026-03-24 00:43:13 - QuantSystem - WARNING - Error in fetch_akshare_data: ('Connection aborted.', RemoteDisconnected('Remote end closed connection without response')). Retrying in 20s... (2 left)
2026-03-24 00:43:33 - QuantSystem - INFO - Fetching akshare data for sh601398 from 2026-01-01 to 2026-03-31
2026-03-24 00:43:34 - QuantSystem - WARNING - Error in fetch_akshare_data: ('Connection aborted.', RemoteDisconnected('Remote end closed connection without response')). Retrying in 40s... (1 left)
2026-03-24 00:44:14 - QuantSystem - INFO - Fetching akshare data for sh601398 from 2026-01-01 to 2026-03-31
2026-03-24 00:44:15 - QuantSystem - ERROR - Failed to execute fetch_akshare_data after 5 retries: ('Connection aborted.', RemoteDisconnected('Remote end closed connection without response'))
2026-03-24 00:44:15 - QuantSystem - ERROR - Failed to get data for sh601398: ('Connection aborted.', RemoteDisconnected('Remote end closed connection without response'))
2026-03-24 00:44:15 - QuantSystem - WARNING - Insufficient data to process sh601398
2026-03-24 00:44:15 - QuantSystem - INFO - HTML report generated: quarterly_analysis_report.html
2026-03-24 00:56:54 - QuantSystem - INFO - Starting DataFetcher test...
2026-03-24 00:56:54 - QuantSystem - INFO - Test 1: Fetching global index ^SPX via Stooq...
2026-03-24 00:56:54 - QuantSystem - INFO - Fetching Stooq data for ^SPX from 2026-01-01 to 2026-03-31
2026-03-24 00:56:54 - QuantSystem - INFO - Standardized Stooq data for ^SPX: 54 rows.
2026-03-24 00:56:55 - QuantSystem - INFO - Saved ^SPX to cache: cache/SPX_2026Q1.parquet
2026-03-24 00:56:55 - QuantSystem - INFO - Success! Fetched 54 rows for ^SPX
2026-03-24 00:56:55 - QuantSystem - INFO - Columns: ['Open', 'High', 'Low', 'Close', 'Volume', 'Adj Close']
2026-03-24 00:56:55 - QuantSystem - INFO - Index order check (first 2 dates): [Timestamp('2026-01-02 00:00:00'), Timestamp('2026-01-05 00:00:00')]
2026-03-24 00:56:55 - QuantSystem - INFO - Test 2: Fetching domestic stock sh601939 via akshare...
2026-03-24 00:56:55 - QuantSystem - INFO - Loading sh601939 from cache: cache/sh601939_2026Q1.parquet
2026-03-24 00:56:55 - QuantSystem - INFO - Success! Fetched 50 rows for sh601939
2026-03-24 00:57:14 - QuantSystem - INFO - Configuration loaded successfully.
2026-03-24 00:57:14 - QuantSystem - INFO - Loading ^SPX from cache: cache/SPX_2026Q1.parquet
2026-03-24 00:57:14 - QuantSystem - INFO - Loading ^SPX from cache: cache/SPX_2026Q1.parquet
2026-03-24 00:57:14 - QuantSystem - INFO - Loading ^NDX from cache: cache/NDX_2026Q1.parquet
2026-03-24 00:57:14 - QuantSystem - INFO - Fetching Stooq data for XAUUSD from 2026-01-01 to 2026-03-31
2026-03-24 00:57:14 - QuantSystem - WARNING - No data returned for XAUUSD from Stooq
2026-03-24 00:57:14 - QuantSystem - WARNING - Skipping XAUUSD due to empty data.
2026-03-24 00:57:14 - QuantSystem - INFO - Fetching Stooq data for XAGUSD from 2026-01-01 to 2026-03-31
2026-03-24 00:57:14 - QuantSystem - WARNING - No data returned for XAGUSD from Stooq
2026-03-24 00:57:14 - QuantSystem - WARNING - Skipping XAGUSD due to empty data.
2026-03-24 00:57:14 - QuantSystem - INFO - Fetching Stooq data for HG.F from 2026-01-01 to 2026-03-31
2026-03-24 00:57:15 - QuantSystem - ERROR - Stooq API error for HG.F: StooqDailyReader request returned no data; check URL for invalid inputs: https://stooq.com/q/d/l/
2026-03-24 00:57:15 - QuantSystem - WARNING - Skipping HG.F due to empty data.
2026-03-24 00:57:15 - QuantSystem - INFO - Fetching Stooq data for ^STX50E from 2026-01-01 to 2026-03-31
2026-03-24 00:57:15 - QuantSystem - WARNING - No data returned for ^STX50E from Stooq
2026-03-24 00:57:15 - QuantSystem - WARNING - Skipping ^STX50E due to empty data.
2026-03-24 00:57:15 - QuantSystem - INFO - Fetching Stooq data for ^DAX from 2026-01-01 to 2026-03-31
2026-03-24 00:57:15 - QuantSystem - INFO - Standardized Stooq data for ^DAX: 57 rows.
2026-03-24 00:57:15 - QuantSystem - INFO - Saved ^DAX to cache: cache/DAX_2026Q1.parquet
2026-03-24 00:57:15 - QuantSystem - INFO - Loading sh601939 from cache: cache/sh601939_2026Q1.parquet
2026-03-24 00:57:15 - QuantSystem - WARNING - No overlapping data for risk calculation.
2026-03-24 00:57:15 - QuantSystem - INFO - Fetching akshare data for sh601288 from 2026-01-01 to 2026-03-31
2026-03-24 00:57:16 - QuantSystem - WARNING - Error in fetch_akshare_data: ('Connection aborted.', RemoteDisconnected('Remote end closed connection without response')). Retrying in 5s... (4 left)
2026-03-24 00:57:21 - QuantSystem - INFO - Fetching akshare data for sh601288 from 2026-01-01 to 2026-03-31
2026-03-24 00:57:22 - QuantSystem - WARNING - Error in fetch_akshare_data: ('Connection aborted.', RemoteDisconnected('Remote end closed connection without response')). Retrying in 10s... (3 left)
2026-03-24 00:57:32 - QuantSystem - INFO - Fetching akshare data for sh601288 from 2026-01-01 to 2026-03-31
2026-03-24 00:57:33 - QuantSystem - WARNING - Error in fetch_akshare_data: ('Connection aborted.', RemoteDisconnected('Remote end closed connection without response')). Retrying in 20s... (2 left)
2026-03-24 00:57:53 - QuantSystem - INFO - Fetching akshare data for sh601288 from 2026-01-01 to 2026-03-31
2026-03-24 00:57:54 - QuantSystem - WARNING - Error in fetch_akshare_data: ('Connection aborted.', RemoteDisconnected('Remote end closed connection without response')). Retrying in 40s... (1 left)
2026-03-24 00:58:34 - QuantSystem - INFO - Fetching akshare data for sh601288 from 2026-01-01 to 2026-03-31
2026-03-24 00:58:35 - QuantSystem - ERROR - Failed to execute fetch_akshare_data after 5 retries: ('Connection aborted.', RemoteDisconnected('Remote end closed connection without response'))
2026-03-24 00:58:35 - QuantSystem - ERROR - Failed to get data for sh601288: ('Connection aborted.', RemoteDisconnected('Remote end closed connection without response'))
2026-03-24 00:58:35 - QuantSystem - WARNING - Insufficient data to process sh601288
2026-03-24 00:58:35 - QuantSystem - INFO - Fetching akshare data for sh601988 from 2026-01-01 to 2026-03-31
2026-03-24 00:58:36 - QuantSystem - WARNING - Error in fetch_akshare_data: ('Connection aborted.', RemoteDisconnected('Remote end closed connection without response')). Retrying in 5s... (4 left)
2026-03-24 00:58:41 - QuantSystem - INFO - Fetching akshare data for sh601988 from 2026-01-01 to 2026-03-31
2026-03-24 00:58:42 - QuantSystem - WARNING - Error in fetch_akshare_data: ('Connection aborted.', RemoteDisconnected('Remote end closed connection without response')). Retrying in 10s... (3 left)
2026-03-24 00:58:52 - QuantSystem - INFO - Fetching akshare data for sh601988 from 2026-01-01 to 2026-03-31
2026-03-24 00:58:52 - QuantSystem - WARNING - Error in fetch_akshare_data: ('Connection aborted.', RemoteDisconnected('Remote end closed connection without response')). Retrying in 20s... (2 left)
2026-03-24 00:59:12 - QuantSystem - INFO - Fetching akshare data for sh601988 from 2026-01-01 to 2026-03-31
2026-03-24 00:59:13 - QuantSystem - WARNING - Error in fetch_akshare_data: ('Connection aborted.', RemoteDisconnected('Remote end closed connection without response')). Retrying in 40s... (1 left)
2026-03-24 00:59:53 - QuantSystem - INFO - Fetching akshare data for sh601988 from 2026-01-01 to 2026-03-31
2026-03-24 00:59:54 - QuantSystem - ERROR - Failed to execute fetch_akshare_data after 5 retries: ('Connection aborted.', RemoteDisconnected('Remote end closed connection without response'))
2026-03-24 00:59:54 - QuantSystem - ERROR - Failed to get data for sh601988: ('Connection aborted.', RemoteDisconnected('Remote end closed connection without response'))
2026-03-24 00:59:54 - QuantSystem - WARNING - Insufficient data to process sh601988
2026-03-24 00:59:54 - QuantSystem - INFO - Fetching akshare data for sh601398 from 2026-01-01 to 2026-03-31
2026-03-24 00:59:55 - QuantSystem - WARNING - Error in fetch_akshare_data: ('Connection aborted.', RemoteDisconnected('Remote end closed connection without response')). Retrying in 5s... (4 left)
2026-03-24 01:00:00 - QuantSystem - INFO - Fetching akshare data for sh601398 from 2026-01-01 to 2026-03-31
2026-03-24 01:00:01 - QuantSystem - WARNING - Error in fetch_akshare_data: ('Connection aborted.', RemoteDisconnected('Remote end closed connection without response')). Retrying in 10s... (3 left)
2026-03-24 01:00:11 - QuantSystem - INFO - Fetching akshare data for sh601398 from 2026-01-01 to 2026-03-31
2026-03-24 01:00:12 - QuantSystem - WARNING - Error in fetch_akshare_data: ('Connection aborted.', RemoteDisconnected('Remote end closed connection without response')). Retrying in 20s... (2 left)
2026-03-24 01:00:32 - QuantSystem - INFO - Fetching akshare data for sh601398 from 2026-01-01 to 2026-03-31
2026-03-24 01:00:33 - QuantSystem - WARNING - Error in fetch_akshare_data: ('Connection aborted.', RemoteDisconnected('Remote end closed connection without response')). Retrying in 40s... (1 left)
2026-03-24 01:01:13 - QuantSystem - INFO - Fetching akshare data for sh601398 from 2026-01-01 to 2026-03-31
2026-03-24 01:01:14 - QuantSystem - ERROR - Failed to execute fetch_akshare_data after 5 retries: ('Connection aborted.', RemoteDisconnected('Remote end closed connection without response'))
2026-03-24 01:01:14 - QuantSystem - ERROR - Failed to get data for sh601398: ('Connection aborted.', RemoteDisconnected('Remote end closed connection without response'))
2026-03-24 01:01:14 - QuantSystem - WARNING - Insufficient data to process sh601398
2026-03-24 01:01:14 - QuantSystem - INFO - HTML report generated: quarterly_analysis_report.html
2026-03-24 01:06:06 - QuantSystem - INFO - Configuration loaded successfully.
2026-03-24 01:06:06 - QuantSystem - INFO - Fetching BOC Spot Rates...
2026-03-24 01:06:06 - QuantSystem - WARNING - Could not fetch live BOC rates: module 'akshare' has no attribute 'currency_boc_sinopay'. Using placeholders.
2026-03-24 01:06:06 - QuantSystem - INFO - Loading ^SPX from cache: cache/SPX_2026Q1.parquet
2026-03-24 01:06:06 - QuantSystem - INFO - Loading ^SPX from cache: cache/SPX_2026Q1.parquet
2026-03-24 01:06:06 - QuantSystem - INFO - Loading ^NDX from cache: cache/NDX_2026Q1.parquet
2026-03-24 01:06:06 - QuantSystem - INFO - Fetching Stooq data for ^STX50E from 2026-01-01 to 2026-03-31
2026-03-24 01:06:07 - QuantSystem - WARNING - No data returned for ^STX50E from Stooq
2026-03-24 01:06:07 - QuantSystem - INFO - Loading ^DAX from cache: cache/DAX_2026Q1.parquet
2026-03-24 01:06:07 - QuantSystem - INFO - Loading sh601939 from cache: cache/sh601939_2026Q1.parquet
2026-03-24 01:06:07 - QuantSystem - WARNING - No overlapping data for risk calculation.
2026-03-24 01:06:07 - QuantSystem - INFO - Fetching akshare data for sh601288 from 2026-01-01 to 2026-03-31
2026-03-24 01:06:08 - QuantSystem - WARNING - Error in fetch_akshare_data: ('Connection aborted.', RemoteDisconnected('Remote end closed connection without response')). Retrying in 5s... (4 left)
2026-03-24 01:06:13 - QuantSystem - INFO - Fetching akshare data for sh601288 from 2026-01-01 to 2026-03-31
2026-03-24 01:06:14 - QuantSystem - WARNING - Error in fetch_akshare_data: ('Connection aborted.', RemoteDisconnected('Remote end closed connection without response')). Retrying in 10s... (3 left)
2026-03-24 01:06:24 - QuantSystem - INFO - Fetching akshare data for sh601288 from 2026-01-01 to 2026-03-31
2026-03-24 01:06:24 - QuantSystem - WARNING - Error in fetch_akshare_data: ('Connection aborted.', RemoteDisconnected('Remote end closed connection without response')). Retrying in 20s... (2 left)
2026-03-24 01:06:44 - QuantSystem - INFO - Fetching akshare data for sh601288 from 2026-01-01 to 2026-03-31
2026-03-24 01:06:45 - QuantSystem - WARNING - Error in fetch_akshare_data: ('Connection aborted.', RemoteDisconnected('Remote end closed connection without response')). Retrying in 40s... (1 left)
2026-03-24 01:07:25 - QuantSystem - INFO - Fetching akshare data for sh601288 from 2026-01-01 to 2026-03-31
2026-03-24 01:07:26 - QuantSystem - ERROR - Failed to execute fetch_akshare_data after 5 retries: ('Connection aborted.', RemoteDisconnected('Remote end closed connection without response'))
2026-03-24 01:07:26 - QuantSystem - ERROR - Failed to get data for sh601288: ('Connection aborted.', RemoteDisconnected('Remote end closed connection without response'))
2026-03-24 01:07:26 - QuantSystem - INFO - Fetching akshare data for sh601988 from 2026-01-01 to 2026-03-31
2026-03-24 01:07:27 - QuantSystem - WARNING - Error in fetch_akshare_data: ('Connection aborted.', RemoteDisconnected('Remote end closed connection without response')). Retrying in 5s... (4 left)
2026-03-24 01:07:32 - QuantSystem - INFO - Fetching akshare data for sh601988 from 2026-01-01 to 2026-03-31
2026-03-24 01:07:33 - QuantSystem - WARNING - Error in fetch_akshare_data: ('Connection aborted.', RemoteDisconnected('Remote end closed connection without response')). Retrying in 10s... (3 left)
2026-03-24 01:07:43 - QuantSystem - INFO - Fetching akshare data for sh601988 from 2026-01-01 to 2026-03-31
2026-03-24 01:07:44 - QuantSystem - WARNING - Error in fetch_akshare_data: ('Connection aborted.', RemoteDisconnected('Remote end closed connection without response')). Retrying in 20s... (2 left)
2026-03-24 01:08:04 - QuantSystem - INFO - Fetching akshare data for sh601988 from 2026-01-01 to 2026-03-31
2026-03-24 01:08:04 - QuantSystem - WARNING - Error in fetch_akshare_data: ('Connection aborted.', RemoteDisconnected('Remote end closed connection without response')). Retrying in 40s... (1 left)
2026-03-24 01:08:44 - QuantSystem - INFO - Fetching akshare data for sh601988 from 2026-01-01 to 2026-03-31
2026-03-24 01:08:45 - QuantSystem - ERROR - Failed to execute fetch_akshare_data after 5 retries: ('Connection aborted.', RemoteDisconnected('Remote end closed connection without response'))
2026-03-24 01:08:45 - QuantSystem - ERROR - Failed to get data for sh601988: ('Connection aborted.', RemoteDisconnected('Remote end closed connection without response'))
2026-03-24 01:08:45 - QuantSystem - INFO - Fetching akshare data for sh601398 from 2026-01-01 to 2026-03-31
2026-03-24 01:08:46 - QuantSystem - WARNING - Error in fetch_akshare_data: ('Connection aborted.', RemoteDisconnected('Remote end closed connection without response')). Retrying in 5s... (4 left)
2026-03-24 01:08:51 - QuantSystem - INFO - Fetching akshare data for sh601398 from 2026-01-01 to 2026-03-31
2026-03-24 01:08:52 - QuantSystem - WARNING - Error in fetch_akshare_data: ('Connection aborted.', RemoteDisconnected('Remote end closed connection without response')). Retrying in 10s... (3 left)
2026-03-24 01:09:02 - QuantSystem - INFO - Fetching akshare data for sh601398 from 2026-01-01 to 2026-03-31
2026-03-24 01:09:03 - QuantSystem - WARNING - Error in fetch_akshare_data: ('Connection aborted.', RemoteDisconnected('Remote end closed connection without response')). Retrying in 20s... (2 left)
2026-03-24 01:09:23 - QuantSystem - INFO - Fetching akshare data for sh601398 from 2026-01-01 to 2026-03-31
2026-03-24 01:09:23 - QuantSystem - WARNING - Error in fetch_akshare_data: ('Connection aborted.', RemoteDisconnected('Remote end closed connection without response')). Retrying in 40s... (1 left)
2026-03-24 01:10:03 - QuantSystem - INFO - Fetching akshare data for sh601398 from 2026-01-01 to 2026-03-31
2026-03-24 01:10:05 - QuantSystem - ERROR - Failed to execute fetch_akshare_data after 5 retries: ('Connection aborted.', RemoteDisconnected('Remote end closed connection without response'))
2026-03-24 01:10:05 - QuantSystem - ERROR - Failed to get data for sh601398: ('Connection aborted.', RemoteDisconnected('Remote end closed connection without response'))
2026-03-24 01:10:05 - QuantSystem - INFO - Fetching akshare data for sz300059 from 2026-01-01 to 2026-03-31
2026-03-24 01:10:06 - QuantSystem - WARNING - Error in fetch_akshare_data: ('Connection aborted.', RemoteDisconnected('Remote end closed connection without response')). Retrying in 5s... (4 left)
2026-03-24 01:10:11 - QuantSystem - INFO - Fetching akshare data for sz300059 from 2026-01-01 to 2026-03-31
2026-03-24 01:10:11 - QuantSystem - WARNING - Error in fetch_akshare_data: ('Connection aborted.', RemoteDisconnected('Remote end closed connection without response')). Retrying in 10s... (3 left)
2026-03-24 01:10:21 - QuantSystem - INFO - Fetching akshare data for sz300059 from 2026-01-01 to 2026-03-31
2026-03-24 01:10:22 - QuantSystem - WARNING - Error in fetch_akshare_data: ('Connection aborted.', RemoteDisconnected('Remote end closed connection without response')). Retrying in 20s... (2 left)
2026-03-24 01:10:42 - QuantSystem - INFO - Fetching akshare data for sz300059 from 2026-01-01 to 2026-03-31
2026-03-24 01:10:43 - QuantSystem - WARNING - Error in fetch_akshare_data: ('Connection aborted.', RemoteDisconnected('Remote end closed connection without response')). Retrying in 40s... (1 left)
2026-03-24 01:11:23 - QuantSystem - INFO - Fetching akshare data for sz300059 from 2026-01-01 to 2026-03-31
2026-03-24 01:11:25 - QuantSystem - ERROR - Failed to execute fetch_akshare_data after 5 retries: ('Connection aborted.', RemoteDisconnected('Remote end closed connection without response'))
2026-03-24 01:11:25 - QuantSystem - ERROR - Failed to get data for sz300059: ('Connection aborted.', RemoteDisconnected('Remote end closed connection without response'))
2026-03-24 01:11:25 - QuantSystem - INFO - Fetching Stooq data for XAUUSD from 2026-01-01 to 2026-03-31
2026-03-24 01:11:25 - QuantSystem - WARNING - No data returned for XAUUSD from Stooq
2026-03-24 01:11:25 - QuantSystem - INFO - Fetching Stooq data for XAGUSD from 2026-01-01 to 2026-03-31
2026-03-24 01:11:25 - QuantSystem - WARNING - No data returned for XAGUSD from Stooq
2026-03-24 01:11:25 - QuantSystem - INFO - Fetching Stooq data for HG.F from 2026-01-01 to 2026-03-31
2026-03-24 01:11:26 - QuantSystem - ERROR - Stooq API error for HG.F: StooqDailyReader request returned no data; check URL for invalid inputs: https://stooq.com/q/d/l/
2026-03-24 01:11:26 - QuantSystem - INFO - History report saved to reports/history/Q1_2026_Analysis.txt
2026-03-24 01:12:14 - QuantSystem - INFO - Configuration loaded successfully.
2026-03-24 01:12:14 - QuantSystem - INFO - Fetching BOC Spot Rates...
2026-03-24 01:12:20 - QuantSystem - WARNING - Could not fetch live BOC rates: '货币名称'. Using placeholders.
2026-03-24 01:12:20 - QuantSystem - INFO - Loading ^SPX from cache: cache/SPX_2026Q1.parquet
2026-03-24 01:12:20 - QuantSystem - INFO - Loading ^SPX from cache: cache/SPX_2026Q1.parquet
2026-03-24 01:12:20 - QuantSystem - INFO - Loading ^NDX from cache: cache/NDX_2026Q1.parquet
2026-03-24 01:12:20 - QuantSystem - INFO - Fetching Stooq data for ^STX50E from 2026-01-01 to 2026-03-31
2026-03-24 01:12:20 - QuantSystem - WARNING - No data returned for ^STX50E from Stooq
2026-03-24 01:12:20 - QuantSystem - INFO - Loading ^DAX from cache: cache/DAX_2026Q1.parquet
2026-03-24 01:12:20 - QuantSystem - INFO - Loading sh601939 from cache: cache/sh601939_2026Q1.parquet
2026-03-24 01:12:20 - QuantSystem - WARNING - No overlapping data for risk calculation.
2026-03-24 01:12:20 - QuantSystem - INFO - Fetching akshare data for sh601288 from 2026-01-01 to 2026-03-31
2026-03-24 01:12:21 - QuantSystem - WARNING - Error in fetch_akshare_data: ('Connection aborted.', RemoteDisconnected('Remote end closed connection without response')). Retrying in 5s... (4 left)
2026-03-24 01:12:26 - QuantSystem - INFO - Fetching akshare data for sh601288 from 2026-01-01 to 2026-03-31
2026-03-24 01:12:27 - QuantSystem - WARNING - Error in fetch_akshare_data: ('Connection aborted.', RemoteDisconnected('Remote end closed connection without response')). Retrying in 10s... (3 left)
2026-03-24 01:12:37 - QuantSystem - INFO - Fetching akshare data for sh601288 from 2026-01-01 to 2026-03-31
2026-03-24 01:12:38 - QuantSystem - WARNING - Error in fetch_akshare_data: ('Connection aborted.', RemoteDisconnected('Remote end closed connection without response')). Retrying in 20s... (2 left)
2026-03-24 01:12:58 - QuantSystem - INFO - Fetching akshare data for sh601288 from 2026-01-01 to 2026-03-31
2026-03-24 01:12:59 - QuantSystem - WARNING - Error in fetch_akshare_data: ('Connection aborted.', RemoteDisconnected('Remote end closed connection without response')). Retrying in 40s... (1 left)
2026-03-24 01:13:39 - QuantSystem - INFO - Fetching akshare data for sh601288 from 2026-01-01 to 2026-03-31
2026-03-24 01:13:40 - QuantSystem - ERROR - Failed to execute fetch_akshare_data after 5 retries: ('Connection aborted.', RemoteDisconnected('Remote end closed connection without response'))
2026-03-24 01:13:40 - QuantSystem - ERROR - Failed to get data for sh601288: ('Connection aborted.', RemoteDisconnected('Remote end closed connection without response'))
2026-03-24 01:13:40 - QuantSystem - INFO - Fetching akshare data for sh601988 from 2026-01-01 to 2026-03-31
2026-03-24 01:13:40 - QuantSystem - WARNING - Error in fetch_akshare_data: ('Connection aborted.', RemoteDisconnected('Remote end closed connection without response')). Retrying in 5s... (4 left)
2026-03-24 01:13:45 - QuantSystem - INFO - Fetching akshare data for sh601988 from 2026-01-01 to 2026-03-31
2026-03-24 01:13:46 - QuantSystem - WARNING - Error in fetch_akshare_data: ('Connection aborted.', RemoteDisconnected('Remote end closed connection without response')). Retrying in 10s... (3 left)
2026-03-24 01:13:56 - QuantSystem - INFO - Fetching akshare data for sh601988 from 2026-01-01 to 2026-03-31
2026-03-24 01:13:57 - QuantSystem - WARNING - Error in fetch_akshare_data: ('Connection aborted.', RemoteDisconnected('Remote end closed connection without response')). Retrying in 20s... (2 left)
2026-03-24 01:14:17 - QuantSystem - INFO - Fetching akshare data for sh601988 from 2026-01-01 to 2026-03-31
2026-03-24 01:14:18 - QuantSystem - WARNING - Error in fetch_akshare_data: ('Connection aborted.', RemoteDisconnected('Remote end closed connection without response')). Retrying in 40s... (1 left)
2026-03-24 01:14:58 - QuantSystem - INFO - Fetching akshare data for sh601988 from 2026-01-01 to 2026-03-31
2026-03-24 01:14:59 - QuantSystem - ERROR - Failed to execute fetch_akshare_data after 5 retries: ('Connection aborted.', RemoteDisconnected('Remote end closed connection without response'))
2026-03-24 01:14:59 - QuantSystem - ERROR - Failed to get data for sh601988: ('Connection aborted.', RemoteDisconnected('Remote end closed connection without response'))
2026-03-24 01:14:59 - QuantSystem - INFO - Fetching akshare data for sh601398 from 2026-01-01 to 2026-03-31
2026-03-24 01:14:59 - QuantSystem - WARNING - Error in fetch_akshare_data: ('Connection aborted.', RemoteDisconnected('Remote end closed connection without response')). Retrying in 5s... (4 left)
2026-03-24 01:15:04 - QuantSystem - INFO - Fetching akshare data for sh601398 from 2026-01-01 to 2026-03-31
2026-03-24 01:15:05 - QuantSystem - WARNING - Error in fetch_akshare_data: ('Connection aborted.', RemoteDisconnected('Remote end closed connection without response')). Retrying in 10s... (3 left)
2026-03-24 01:15:15 - QuantSystem - INFO - Fetching akshare data for sh601398 from 2026-01-01 to 2026-03-31
2026-03-24 01:15:16 - QuantSystem - WARNING - Error in fetch_akshare_data: ('Connection aborted.', RemoteDisconnected('Remote end closed connection without response')). Retrying in 20s... (2 left)
2026-03-24 01:15:36 - QuantSystem - INFO - Fetching akshare data for sh601398 from 2026-01-01 to 2026-03-31
2026-03-24 01:15:37 - QuantSystem - WARNING - Error in fetch_akshare_data: ('Connection aborted.', RemoteDisconnected('Remote end closed connection without response')). Retrying in 40s... (1 left)
2026-03-24 01:16:17 - QuantSystem - INFO - Fetching akshare data for sh601398 from 2026-01-01 to 2026-03-31
2026-03-24 01:16:18 - QuantSystem - ERROR - Failed to execute fetch_akshare_data after 5 retries: ('Connection aborted.', RemoteDisconnected('Remote end closed connection without response'))
2026-03-24 01:16:18 - QuantSystem - ERROR - Failed to get data for sh601398: ('Connection aborted.', RemoteDisconnected('Remote end closed connection without response'))
2026-03-24 01:16:18 - QuantSystem - INFO - Fetching akshare data for sz300059 from 2026-01-01 to 2026-03-31
2026-03-24 01:16:19 - QuantSystem - WARNING - Error in fetch_akshare_data: ('Connection aborted.', RemoteDisconnected('Remote end closed connection without response')). Retrying in 5s... (4 left)
2026-03-24 01:16:24 - QuantSystem - INFO - Fetching akshare data for sz300059 from 2026-01-01 to 2026-03-31
2026-03-24 01:16:25 - QuantSystem - WARNING - Error in fetch_akshare_data: ('Connection aborted.', RemoteDisconnected('Remote end closed connection without response')). Retrying in 10s... (3 left)
2026-03-24 01:16:35 - QuantSystem - INFO - Fetching akshare data for sz300059 from 2026-01-01 to 2026-03-31
2026-03-24 01:16:35 - QuantSystem - WARNING - Error in fetch_akshare_data: ('Connection aborted.', RemoteDisconnected('Remote end closed connection without response')). Retrying in 20s... (2 left)
2026-03-24 01:16:55 - QuantSystem - INFO - Fetching akshare data for sz300059 from 2026-01-01 to 2026-03-31
2026-03-24 01:16:57 - QuantSystem - WARNING - Error in fetch_akshare_data: ('Connection aborted.', RemoteDisconnected('Remote end closed connection without response')). Retrying in 40s... (1 left)
2026-03-24 01:17:37 - QuantSystem - INFO - Fetching akshare data for sz300059 from 2026-01-01 to 2026-03-31
2026-03-24 01:17:37 - QuantSystem - ERROR - Failed to execute fetch_akshare_data after 5 retries: ('Connection aborted.', RemoteDisconnected('Remote end closed connection without response'))
2026-03-24 01:17:37 - QuantSystem - ERROR - Failed to get data for sz300059: ('Connection aborted.', RemoteDisconnected('Remote end closed connection without response'))
2026-03-24 01:17:37 - QuantSystem - INFO - Fetching Stooq data for XAUUSD from 2026-01-01 to 2026-03-31
2026-03-24 01:17:38 - QuantSystem - WARNING - No data returned for XAUUSD from Stooq
2026-03-24 01:17:38 - QuantSystem - INFO - Fetching Stooq data for XAGUSD from 2026-01-01 to 2026-03-31
2026-03-24 01:17:38 - QuantSystem - WARNING - No data returned for XAGUSD from Stooq
2026-03-24 01:17:38 - QuantSystem - INFO - Fetching Stooq data for HG.F from 2026-01-01 to 2026-03-31
2026-03-24 01:17:39 - QuantSystem - ERROR - Stooq API error for HG.F: StooqDailyReader request returned no data; check URL for invalid inputs: https://stooq.com/q/d/l/
2026-03-24 01:17:39 - QuantSystem - INFO - History report saved to reports/history/Q1_2026_Analysis.txt
2026-03-24 01:39:16 - QuantSystem - INFO - Configuration loaded successfully.
2026-03-24 01:39:16 - QuantSystem - INFO - Fetching BOC Spot Rates...
2026-03-24 01:39:24 - QuantSystem - WARNING - Could not fetch live BOC rates: '货币名称'. Using placeholders.
2026-03-24 01:39:24 - QuantSystem - INFO - Loading ^SPX from cache: cache/SPX_2026Q1.parquet
2026-03-24 01:39:26 - QuantSystem - INFO - Loading ^SPX from cache: cache/SPX_2026Q1.parquet
2026-03-24 01:39:26 - QuantSystem - INFO - Loading ^NDX from cache: cache/NDX_2026Q1.parquet
2026-03-24 01:39:26 - QuantSystem - INFO - Fetching Stooq data for ^STX50E from 2026-01-01 to 2026-03-31
2026-03-24 01:39:27 - QuantSystem - WARNING - No data returned for ^STX50E from Stooq
2026-03-24 01:39:27 - QuantSystem - INFO - Loading ^DAX from cache: cache/DAX_2026Q1.parquet
2026-03-24 01:39:27 - QuantSystem - INFO - Loading sh601939 from cache: cache/sh601939_2026Q1.parquet
2026-03-24 01:39:27 - QuantSystem - WARNING - No overlapping data for risk calculation.
2026-03-24 01:39:27 - QuantSystem - INFO - Fetching akshare data for sh601288 from 2026-01-01 to 2026-03-31
2026-03-24 01:39:29 - QuantSystem - WARNING - Error in fetch_akshare_data: ('Connection aborted.', RemoteDisconnected('Remote end closed connection without response')). Retrying in 5s... (4 left)
2026-03-24 01:39:34 - QuantSystem - INFO - Fetching akshare data for sh601288 from 2026-01-01 to 2026-03-31
2026-03-24 01:39:34 - QuantSystem - WARNING - Error in fetch_akshare_data: ('Connection aborted.', RemoteDisconnected('Remote end closed connection without response')). Retrying in 10s... (3 left)
2026-03-24 01:39:44 - QuantSystem - INFO - Fetching akshare data for sh601288 from 2026-01-01 to 2026-03-31
2026-03-24 01:39:45 - QuantSystem - WARNING - Error in fetch_akshare_data: ('Connection aborted.', RemoteDisconnected('Remote end closed connection without response')). Retrying in 20s... (2 left)
2026-03-24 01:40:05 - QuantSystem - INFO - Fetching akshare data for sh601288 from 2026-01-01 to 2026-03-31
2026-03-24 01:40:06 - QuantSystem - WARNING - Error in fetch_akshare_data: ('Connection aborted.', RemoteDisconnected('Remote end closed connection without response')). Retrying in 40s... (1 left)
2026-03-24 01:40:46 - QuantSystem - INFO - Fetching akshare data for sh601288 from 2026-01-01 to 2026-03-31
2026-03-24 01:40:48 - QuantSystem - ERROR - Failed to execute fetch_akshare_data after 5 retries: ('Connection aborted.', RemoteDisconnected('Remote end closed connection without response'))
2026-03-24 01:40:48 - QuantSystem - ERROR - Failed to get data for sh601288: ('Connection aborted.', RemoteDisconnected('Remote end closed connection without response'))
2026-03-24 01:40:48 - QuantSystem - INFO - Fetching akshare data for sh601988 from 2026-01-01 to 2026-03-31
2026-03-24 01:40:48 - QuantSystem - WARNING - Error in fetch_akshare_data: ('Connection aborted.', RemoteDisconnected('Remote end closed connection without response')). Retrying in 5s... (4 left)
2026-03-24 01:40:53 - QuantSystem - INFO - Fetching akshare data for sh601988 from 2026-01-01 to 2026-03-31
2026-03-24 01:40:54 - QuantSystem - WARNING - Error in fetch_akshare_data: ('Connection aborted.', RemoteDisconnected('Remote end closed connection without response')). Retrying in 10s... (3 left)
2026-03-24 01:41:04 - QuantSystem - INFO - Fetching akshare data for sh601988 from 2026-01-01 to 2026-03-31
2026-03-24 01:41:05 - QuantSystem - WARNING - Error in fetch_akshare_data: ('Connection aborted.', RemoteDisconnected('Remote end closed connection without response')). Retrying in 20s... (2 left)
2026-03-24 01:41:25 - QuantSystem - INFO - Fetching akshare data for sh601988 from 2026-01-01 to 2026-03-31
2026-03-24 01:41:26 - QuantSystem - WARNING - Error in fetch_akshare_data: ('Connection aborted.', RemoteDisconnected('Remote end closed connection without response')). Retrying in 40s... (1 left)
2026-03-24 01:42:06 - QuantSystem - INFO - Fetching akshare data for sh601988 from 2026-01-01 to 2026-03-31
2026-03-24 01:42:07 - QuantSystem - ERROR - Failed to execute fetch_akshare_data after 5 retries: ('Connection aborted.', RemoteDisconnected('Remote end closed connection without response'))
2026-03-24 01:42:07 - QuantSystem - ERROR - Failed to get data for sh601988: ('Connection aborted.', RemoteDisconnected('Remote end closed connection without response'))
2026-03-24 01:42:07 - QuantSystem - INFO - Fetching akshare data for sh601398 from 2026-01-01 to 2026-03-31
2026-03-24 01:42:07 - QuantSystem - WARNING - Error in fetch_akshare_data: ('Connection aborted.', RemoteDisconnected('Remote end closed connection without response')). Retrying in 5s... (4 left)
2026-03-24 01:42:12 - QuantSystem - INFO - Fetching akshare data for sh601398 from 2026-01-01 to 2026-03-31
2026-03-24 01:42:13 - QuantSystem - WARNING - Error in fetch_akshare_data: ('Connection aborted.', RemoteDisconnected('Remote end closed connection without response')). Retrying in 10s... (3 left)
2026-03-24 01:42:23 - QuantSystem - INFO - Fetching akshare data for sh601398 from 2026-01-01 to 2026-03-31
2026-03-24 01:42:24 - QuantSystem - WARNING - Error in fetch_akshare_data: ('Connection aborted.', RemoteDisconnected('Remote end closed connection without response')). Retrying in 20s... (2 left)
2026-03-24 01:42:44 - QuantSystem - INFO - Fetching akshare data for sh601398 from 2026-01-01 to 2026-03-31
2026-03-24 01:42:45 - QuantSystem - WARNING - Error in fetch_akshare_data: ('Connection aborted.', RemoteDisconnected('Remote end closed connection without response')). Retrying in 40s... (1 left)
2026-03-24 01:43:25 - QuantSystem - INFO - Fetching akshare data for sh601398 from 2026-01-01 to 2026-03-31
2026-03-24 01:43:26 - QuantSystem - ERROR - Failed to execute fetch_akshare_data after 5 retries: ('Connection aborted.', RemoteDisconnected('Remote end closed connection without response'))
2026-03-24 01:43:26 - QuantSystem - ERROR - Failed to get data for sh601398: ('Connection aborted.', RemoteDisconnected('Remote end closed connection without response'))
2026-03-24 01:43:26 - QuantSystem - INFO - Fetching akshare data for sz300059 from 2026-01-01 to 2026-03-31
2026-03-24 01:43:26 - QuantSystem - WARNING - Error in fetch_akshare_data: ('Connection aborted.', RemoteDisconnected('Remote end closed connection without response')). Retrying in 5s... (4 left)
2026-03-24 01:43:31 - QuantSystem - INFO - Fetching akshare data for sz300059 from 2026-01-01 to 2026-03-31
2026-03-24 01:43:32 - QuantSystem - WARNING - Error in fetch_akshare_data: ('Connection aborted.', RemoteDisconnected('Remote end closed connection without response')). Retrying in 10s... (3 left)
2026-03-24 01:43:42 - QuantSystem - INFO - Fetching akshare data for sz300059 from 2026-01-01 to 2026-03-31
2026-03-24 01:43:43 - QuantSystem - WARNING - Error in fetch_akshare_data: ('Connection aborted.', RemoteDisconnected('Remote end closed connection without response')). Retrying in 20s... (2 left)
2026-03-24 01:44:03 - QuantSystem - INFO - Fetching akshare data for sz300059 from 2026-01-01 to 2026-03-31
2026-03-24 01:44:04 - QuantSystem - WARNING - Error in fetch_akshare_data: ('Connection aborted.', RemoteDisconnected('Remote end closed connection without response')). Retrying in 40s... (1 left)
2026-03-24 01:44:44 - QuantSystem - INFO - Fetching akshare data for sz300059 from 2026-01-01 to 2026-03-31
2026-03-24 01:44:45 - QuantSystem - ERROR - Failed to execute fetch_akshare_data after 5 retries: ('Connection aborted.', RemoteDisconnected('Remote end closed connection without response'))
2026-03-24 01:44:45 - QuantSystem - ERROR - Failed to get data for sz300059: ('Connection aborted.', RemoteDisconnected('Remote end closed connection without response'))
2026-03-24 01:44:45 - QuantSystem - INFO - Fetching Stooq data for XAUUSD from 2026-01-01 to 2026-03-31
2026-03-24 01:44:45 - QuantSystem - WARNING - No data returned for XAUUSD from Stooq
2026-03-24 01:44:45 - QuantSystem - INFO - Fetching Stooq data for XAGUSD from 2026-01-01 to 2026-03-31
2026-03-24 01:44:46 - QuantSystem - WARNING - No data returned for XAGUSD from Stooq
2026-03-24 01:44:46 - QuantSystem - INFO - Fetching Stooq data for HG.F from 2026-01-01 to 2026-03-31
2026-03-24 01:44:46 - QuantSystem - ERROR - Stooq API error for HG.F: StooqDailyReader request returned no data; check URL for invalid inputs: https://stooq.com/q/d/l/
2026-03-24 01:44:46 - QuantSystem - INFO - History report saved to reports/history/Q1_2026_Analysis.txt
2026-03-24 10:11:20 - QuantSystem - INFO - Configuration loaded successfully.
2026-03-24 10:11:20 - QuantSystem - INFO - Fetching BOC Spot Rates...
2026-03-24 10:11:27 - QuantSystem - WARNING - Could not fetch live BOC rates: '货币名称'. Using placeholders.
2026-03-24 10:11:27 - QuantSystem - INFO - Fetching Stooq data for ^SPX from 2025-10-01 to 2025-12-31
2026-03-24 10:11:27 - QuantSystem - INFO - Standardized Stooq data for ^SPX: 64 rows.
2026-03-24 10:11:28 - QuantSystem - INFO - Saved ^SPX to cache: cache/SPX_2025Q4.parquet
2026-03-24 10:11:28 - QuantSystem - INFO - Fetching Stooq data for ^SPX from 2025-10-01 to 2025-12-31
2026-03-24 10:11:28 - QuantSystem - INFO - Standardized Stooq data for ^SPX: 64 rows.
2026-03-24 10:11:28 - QuantSystem - INFO - Saved ^SPX to cache: cache/SPX_2025Q4.parquet
2026-03-24 10:11:28 - QuantSystem - INFO - Fetching Stooq data for ^NDX from 2025-10-01 to 2025-12-31
2026-03-24 10:11:28 - QuantSystem - INFO - Standardized Stooq data for ^NDX: 64 rows.
2026-03-24 10:11:28 - QuantSystem - INFO - Saved ^NDX to cache: cache/NDX_2025Q4.parquet
2026-03-24 10:11:28 - QuantSystem - INFO - Fetching Stooq data for ^STX50E from 2025-10-01 to 2025-12-31
2026-03-24 10:11:28 - QuantSystem - WARNING - No data returned for ^STX50E from Stooq
2026-03-24 10:11:28 - QuantSystem - INFO - Fetching Stooq data for ^DAX from 2025-10-01 to 2025-12-31
2026-03-24 10:11:29 - QuantSystem - INFO - Standardized Stooq data for ^DAX: 62 rows.
2026-03-24 10:11:29 - QuantSystem - INFO - Saved ^DAX to cache: cache/DAX_2025Q4.parquet
2026-03-24 10:11:29 - QuantSystem - INFO - Fetching akshare data for sh601939 from 2025-10-01 to 2025-12-31
2026-03-24 10:11:30 - QuantSystem - WARNING - Error in fetch_akshare_data: ('Connection aborted.', RemoteDisconnected('Remote end closed connection without response')). Retrying in 5s... (4 left)
2026-03-24 10:11:35 - QuantSystem - INFO - Fetching akshare data for sh601939 from 2025-10-01 to 2025-12-31
2026-03-24 10:11:36 - QuantSystem - WARNING - Error in fetch_akshare_data: ('Connection aborted.', RemoteDisconnected('Remote end closed connection without response')). Retrying in 10s... (3 left)
2026-03-24 10:11:46 - QuantSystem - INFO - Fetching akshare data for sh601939 from 2025-10-01 to 2025-12-31
2026-03-24 10:11:47 - QuantSystem - WARNING - Error in fetch_akshare_data: ('Connection aborted.', RemoteDisconnected('Remote end closed connection without response')). Retrying in 20s... (2 left)
2026-03-24 10:12:07 - QuantSystem - INFO - Fetching akshare data for sh601939 from 2025-10-01 to 2025-12-31
2026-03-24 10:12:09 - QuantSystem - WARNING - Error in fetch_akshare_data: ('Connection aborted.', RemoteDisconnected('Remote end closed connection without response')). Retrying in 40s... (1 left)
2026-03-24 10:12:49 - QuantSystem - INFO - Fetching akshare data for sh601939 from 2025-10-01 to 2025-12-31
2026-03-24 10:12:50 - QuantSystem - ERROR - Failed to execute fetch_akshare_data after 5 retries: ('Connection aborted.', RemoteDisconnected('Remote end closed connection without response'))
2026-03-24 10:12:50 - QuantSystem - ERROR - Failed to get data for sh601939: ('Connection aborted.', RemoteDisconnected('Remote end closed connection without response'))
2026-03-24 10:12:50 - QuantSystem - INFO - Fetching akshare data for sh601288 from 2025-10-01 to 2025-12-31
2026-03-24 10:12:51 - QuantSystem - WARNING - Error in fetch_akshare_data: ('Connection aborted.', RemoteDisconnected('Remote end closed connection without response')). Retrying in 5s... (4 left)
2026-03-24 10:12:56 - QuantSystem - INFO - Fetching akshare data for sh601288 from 2025-10-01 to 2025-12-31
2026-03-24 10:12:57 - QuantSystem - WARNING - Error in fetch_akshare_data: ('Connection aborted.', RemoteDisconnected('Remote end closed connection without response')). Retrying in 10s... (3 left)
2026-03-24 10:13:07 - QuantSystem - INFO - Fetching akshare data for sh601288 from 2025-10-01 to 2025-12-31
2026-03-24 10:13:08 - QuantSystem - WARNING - Error in fetch_akshare_data: ('Connection aborted.', RemoteDisconnected('Remote end closed connection without response')). Retrying in 20s... (2 left)
2026-03-24 10:13:28 - QuantSystem - INFO - Fetching akshare data for sh601288 from 2025-10-01 to 2025-12-31
2026-03-24 10:13:30 - QuantSystem - WARNING - Error in fetch_akshare_data: ('Connection aborted.', RemoteDisconnected('Remote end closed connection without response')). Retrying in 40s... (1 left)
2026-03-24 10:14:10 - QuantSystem - INFO - Fetching akshare data for sh601288 from 2025-10-01 to 2025-12-31
2026-03-24 10:14:11 - QuantSystem - ERROR - Failed to execute fetch_akshare_data after 5 retries: ('Connection aborted.', RemoteDisconnected('Remote end closed connection without response'))
2026-03-24 10:14:11 - QuantSystem - ERROR - Failed to get data for sh601288: ('Connection aborted.', RemoteDisconnected('Remote end closed connection without response'))
2026-03-24 10:14:11 - QuantSystem - INFO - Fetching akshare data for sh601988 from 2025-10-01 to 2025-12-31
2026-03-24 10:14:12 - QuantSystem - WARNING - Error in fetch_akshare_data: ('Connection aborted.', RemoteDisconnected('Remote end closed connection without response')). Retrying in 5s... (4 left)
2026-03-24 10:14:17 - QuantSystem - INFO - Fetching akshare data for sh601988 from 2025-10-01 to 2025-12-31
2026-03-24 10:14:17 - QuantSystem - WARNING - Error in fetch_akshare_data: ('Connection aborted.', RemoteDisconnected('Remote end closed connection without response')). Retrying in 10s... (3 left)
2026-03-24 10:14:27 - QuantSystem - INFO - Fetching akshare data for sh601988 from 2025-10-01 to 2025-12-31
2026-03-24 10:14:28 - QuantSystem - WARNING - Error in fetch_akshare_data: ('Connection aborted.', RemoteDisconnected('Remote end closed connection without response')). Retrying in 20s... (2 left)
2026-03-24 10:14:48 - QuantSystem - INFO - Fetching akshare data for sh601988 from 2025-10-01 to 2025-12-31
2026-03-24 10:14:49 - QuantSystem - WARNING - Error in fetch_akshare_data: ('Connection aborted.', RemoteDisconnected('Remote end closed connection without response')). Retrying in 40s... (1 left)
2026-03-24 10:15:29 - QuantSystem - INFO - Fetching akshare data for sh601988 from 2025-10-01 to 2025-12-31
2026-03-24 10:15:30 - QuantSystem - ERROR - Failed to execute fetch_akshare_data after 5 retries: ('Connection aborted.', RemoteDisconnected('Remote end closed connection without response'))
2026-03-24 10:15:30 - QuantSystem - ERROR - Failed to get data for sh601988: ('Connection aborted.', RemoteDisconnected('Remote end closed connection without response'))
2026-03-24 10:15:30 - QuantSystem - INFO - Fetching akshare data for sh601398 from 2025-10-01 to 2025-12-31
2026-03-24 10:15:31 - QuantSystem - WARNING - Error in fetch_akshare_data: ('Connection aborted.', RemoteDisconnected('Remote end closed connection without response')). Retrying in 5s... (4 left)
2026-03-24 10:15:36 - QuantSystem - INFO - Fetching akshare data for sh601398 from 2025-10-01 to 2025-12-31
2026-03-24 10:15:36 - QuantSystem - WARNING - Error in fetch_akshare_data: ('Connection aborted.', RemoteDisconnected('Remote end closed connection without response')). Retrying in 10s... (3 left)
2026-03-24 10:15:46 - QuantSystem - INFO - Fetching akshare data for sh601398 from 2025-10-01 to 2025-12-31
2026-03-24 10:15:47 - QuantSystem - WARNING - Error in fetch_akshare_data: ('Connection aborted.', RemoteDisconnected('Remote end closed connection without response')). Retrying in 20s... (2 left)
2026-03-24 10:16:07 - QuantSystem - INFO - Fetching akshare data for sh601398 from 2025-10-01 to 2025-12-31
2026-03-24 10:16:08 - QuantSystem - WARNING - Error in fetch_akshare_data: ('Connection aborted.', RemoteDisconnected('Remote end closed connection without response')). Retrying in 40s... (1 left)
2026-03-24 10:16:48 - QuantSystem - INFO - Fetching akshare data for sh601398 from 2025-10-01 to 2025-12-31
2026-03-24 10:16:49 - QuantSystem - ERROR - Failed to execute fetch_akshare_data after 5 retries: ('Connection aborted.', RemoteDisconnected('Remote end closed connection without response'))
2026-03-24 10:16:49 - QuantSystem - ERROR - Failed to get data for sh601398: ('Connection aborted.', RemoteDisconnected('Remote end closed connection without response'))
2026-03-24 10:16:49 - QuantSystem - INFO - Fetching akshare data for sz300059 from 2025-10-01 to 2025-12-31
2026-03-24 10:16:50 - QuantSystem - WARNING - Error in fetch_akshare_data: ('Connection aborted.', RemoteDisconnected('Remote end closed connection without response')). Retrying in 5s... (4 left)
2026-03-24 10:16:55 - QuantSystem - INFO - Fetching akshare data for sz300059 from 2025-10-01 to 2025-12-31
2026-03-24 10:16:56 - QuantSystem - WARNING - Error in fetch_akshare_data: ('Connection aborted.', RemoteDisconnected('Remote end closed connection without response')). Retrying in 10s... (3 left)
2026-03-24 10:17:06 - QuantSystem - INFO - Fetching akshare data for sz300059 from 2025-10-01 to 2025-12-31
2026-03-24 10:17:07 - QuantSystem - WARNING - Error in fetch_akshare_data: ('Connection aborted.', RemoteDisconnected('Remote end closed connection without response')). Retrying in 20s... (2 left)
2026-03-24 10:17:27 - QuantSystem - INFO - Fetching akshare data for sz300059 from 2025-10-01 to 2025-12-31
2026-03-24 10:17:28 - QuantSystem - WARNING - Error in fetch_akshare_data: ('Connection aborted.', RemoteDisconnected('Remote end closed connection without response')). Retrying in 40s... (1 left)
2026-03-24 10:18:08 - QuantSystem - INFO - Fetching akshare data for sz300059 from 2025-10-01 to 2025-12-31
2026-03-24 10:18:10 - QuantSystem - ERROR - Failed to execute fetch_akshare_data after 5 retries: ('Connection aborted.', RemoteDisconnected('Remote end closed connection without response'))
2026-03-24 10:18:10 - QuantSystem - ERROR - Failed to get data for sz300059: ('Connection aborted.', RemoteDisconnected('Remote end closed connection without response'))
2026-03-24 10:18:10 - QuantSystem - INFO - Fetching Stooq data for XAUUSD from 2025-10-01 to 2025-12-31
2026-03-24 10:18:11 - QuantSystem - WARNING - No data returned for XAUUSD from Stooq
2026-03-24 10:18:11 - QuantSystem - INFO - Fetching Stooq data for XAGUSD from 2025-10-01 to 2025-12-31
2026-03-24 10:18:11 - QuantSystem - WARNING - No data returned for XAGUSD from Stooq
2026-03-24 10:18:11 - QuantSystem - INFO - Fetching Stooq data for HG.F from 2025-10-01 to 2025-12-31
2026-03-24 10:18:12 - QuantSystem - ERROR - Stooq API error for HG.F: StooqDailyReader request returned no data; check URL for invalid inputs: https://stooq.com/q/d/l/
2026-03-24 10:18:39 - QuantSystem - INFO - Configuration loaded successfully.
2026-03-24 10:18:39 - QuantSystem - INFO - Fetching BOC Spot Rates...
2026-03-24 10:18:47 - QuantSystem - WARNING - Could not fetch live BOC rates: '货币名称'. Using placeholders.
2026-03-24 10:18:47 - QuantSystem - INFO - Fetching Stooq data for ^SPX from 2025-10-01 to 2025-12-31
2026-03-24 10:18:47 - QuantSystem - INFO - Standardized Stooq data for ^SPX: 64 rows.
2026-03-24 10:18:47 - QuantSystem - INFO - Saved ^SPX to cache: cache/SPX_2025Q4.parquet
2026-03-24 10:18:47 - QuantSystem - INFO - Fetching Stooq data for ^SPX from 2025-10-01 to 2025-12-31
2026-03-24 10:18:47 - QuantSystem - INFO - Standardized Stooq data for ^SPX: 64 rows.
2026-03-24 10:18:47 - QuantSystem - INFO - Saved ^SPX to cache: cache/SPX_2025Q4.parquet
2026-03-24 10:18:47 - QuantSystem - INFO - Fetching Stooq data for ^NDX from 2025-10-01 to 2025-12-31
2026-03-24 10:18:48 - QuantSystem - INFO - Standardized Stooq data for ^NDX: 64 rows.
2026-03-24 10:18:48 - QuantSystem - INFO - Saved ^NDX to cache: cache/NDX_2025Q4.parquet
2026-03-24 10:18:48 - QuantSystem - INFO - Fetching Stooq data for ^STX50E from 2025-10-01 to 2025-12-31
2026-03-24 10:18:49 - QuantSystem - WARNING - No data returned for ^STX50E from Stooq
2026-03-24 10:18:49 - QuantSystem - INFO - Fetching Stooq data for ^DAX from 2025-10-01 to 2025-12-31
2026-03-24 10:18:49 - QuantSystem - INFO - Standardized Stooq data for ^DAX: 62 rows.
2026-03-24 10:18:49 - QuantSystem - INFO - Saved ^DAX to cache: cache/DAX_2025Q4.parquet
2026-03-24 10:18:49 - QuantSystem - INFO - Fetching akshare data for sh601939 from 2025-10-01 to 2025-12-31
2026-03-24 10:18:51 - QuantSystem - WARNING - Error in fetch_akshare_data: ('Connection aborted.', RemoteDisconnected('Remote end closed connection without response')). Retrying in 5s... (4 left)
2026-03-24 10:18:56 - QuantSystem - INFO - Fetching akshare data for sh601939 from 2025-10-01 to 2025-12-31
2026-03-24 10:18:58 - QuantSystem - WARNING - Error in fetch_akshare_data: ('Connection aborted.', RemoteDisconnected('Remote end closed connection without response')). Retrying in 10s... (3 left)
2026-03-24 10:19:08 - QuantSystem - INFO - Fetching akshare data for sh601939 from 2025-10-01 to 2025-12-31
2026-03-24 10:19:11 - QuantSystem - WARNING - Error in fetch_akshare_data: ('Connection aborted.', RemoteDisconnected('Remote end closed connection without response')). Retrying in 20s... (2 left)
2026-03-24 10:19:31 - QuantSystem - INFO - Fetching akshare data for sh601939 from 2025-10-01 to 2025-12-31
2026-03-24 10:19:32 - QuantSystem - WARNING - Error in fetch_akshare_data: ('Connection aborted.', RemoteDisconnected('Remote end closed connection without response')). Retrying in 40s... (1 left)
2026-03-24 10:19:53 - QuantSystem - INFO - Configuration loaded successfully.
2026-03-24 10:19:53 - QuantSystem - INFO - Fetching BOC Spot Rates...
2026-03-24 10:19:59 - QuantSystem - WARNING - Could not fetch live BOC rates: '货币名称'. Using placeholders.
2026-03-24 10:19:59 - QuantSystem - INFO - Loading ^SPX from cache: cache/SPX_2025Q4.parquet
2026-03-24 10:19:59 - QuantSystem - INFO - Loading ^SPX from cache: cache/SPX_2025Q4.parquet
2026-03-24 10:19:59 - QuantSystem - INFO - Loading ^NDX from cache: cache/NDX_2025Q4.parquet
2026-03-24 10:19:59 - QuantSystem - INFO - Fetching Stooq data for ^STX50E from 2025-10-01 to 2025-12-31
2026-03-24 10:20:00 - QuantSystem - WARNING - No data returned for ^STX50E from Stooq
2026-03-24 10:20:00 - QuantSystem - INFO - Loading ^DAX from cache: cache/DAX_2025Q4.parquet
2026-03-24 10:20:00 - QuantSystem - INFO - Fetching akshare data for sh601939 from 2025-10-01 to 2025-12-31
2026-03-24 10:20:00 - QuantSystem - WARNING - Error in fetch_akshare_data: ('Connection aborted.', RemoteDisconnected('Remote end closed connection without response')). Retrying in 5s... (4 left)
2026-03-24 10:20:05 - QuantSystem - INFO - Fetching akshare data for sh601939 from 2025-10-01 to 2025-12-31
2026-03-24 10:20:06 - QuantSystem - WARNING - Error in fetch_akshare_data: ('Connection aborted.', RemoteDisconnected('Remote end closed connection without response')). Retrying in 10s... (3 left)
2026-03-24 10:20:12 - QuantSystem - INFO - Fetching akshare data for sh601939 from 2025-10-01 to 2025-12-31
2026-03-24 10:20:12 - QuantSystem - ERROR - Failed to execute fetch_akshare_data after 5 retries: ('Connection aborted.', RemoteDisconnected('Remote end closed connection without response'))
2026-03-24 10:20:12 - QuantSystem - ERROR - Failed to get data for sh601939: ('Connection aborted.', RemoteDisconnected('Remote end closed connection without response'))
2026-03-24 10:20:12 - QuantSystem - INFO - Fetching akshare data for sh601288 from 2025-10-01 to 2025-12-31
2026-03-24 10:20:13 - QuantSystem - WARNING - Error in fetch_akshare_data: ('Connection aborted.', RemoteDisconnected('Remote end closed connection without response')). Retrying in 5s... (4 left)
2026-03-24 10:20:16 - QuantSystem - INFO - Fetching akshare data for sh601939 from 2025-10-01 to 2025-12-31
2026-03-24 10:20:17 - QuantSystem - WARNING - Error in fetch_akshare_data: ('Connection aborted.', RemoteDisconnected('Remote end closed connection without response')). Retrying in 20s... (2 left)
2026-03-24 10:20:18 - QuantSystem - INFO - Fetching akshare data for sh601288 from 2025-10-01 to 2025-12-31
2026-03-24 10:20:19 - QuantSystem - WARNING - Error in fetch_akshare_data: ('Connection aborted.', RemoteDisconnected('Remote end closed connection without response')). Retrying in 10s... (3 left)
2026-03-24 10:20:29 - QuantSystem - INFO - Fetching akshare data for sh601288 from 2025-10-01 to 2025-12-31
2026-03-24 10:20:30 - QuantSystem - WARNING - Error in fetch_akshare_data: ('Connection aborted.', RemoteDisconnected('Remote end closed connection without response')). Retrying in 20s... (2 left)
2026-03-24 10:20:37 - QuantSystem - INFO - Fetching akshare data for sh601939 from 2025-10-01 to 2025-12-31
2026-03-24 10:20:38 - QuantSystem - WARNING - Error in fetch_akshare_data: ('Connection aborted.', RemoteDisconnected('Remote end closed connection without response')). Retrying in 40s... (1 left)
2026-03-24 10:20:50 - QuantSystem - INFO - Fetching akshare data for sh601288 from 2025-10-01 to 2025-12-31
2026-03-24 10:20:51 - QuantSystem - WARNING - Error in fetch_akshare_data: ('Connection aborted.', RemoteDisconnected('Remote end closed connection without response')). Retrying in 40s... (1 left)
2026-03-24 10:21:18 - QuantSystem - INFO - Fetching akshare data for sh601939 from 2025-10-01 to 2025-12-31
2026-03-24 10:21:19 - QuantSystem - ERROR - Failed to execute fetch_akshare_data after 5 retries: ('Connection aborted.', RemoteDisconnected('Remote end closed connection without response'))
2026-03-24 10:21:19 - QuantSystem - ERROR - Failed to get data for sh601939: ('Connection aborted.', RemoteDisconnected('Remote end closed connection without response'))
2026-03-24 10:21:19 - QuantSystem - INFO - Fetching akshare data for sh601288 from 2025-10-01 to 2025-12-31
2026-03-24 10:21:19 - QuantSystem - WARNING - Error in fetch_akshare_data: ('Connection aborted.', RemoteDisconnected('Remote end closed connection without response')). Retrying in 5s... (4 left)
2026-03-24 10:21:24 - QuantSystem - INFO - Fetching akshare data for sh601288 from 2025-10-01 to 2025-12-31
2026-03-24 10:21:26 - QuantSystem - WARNING - Error in fetch_akshare_data: ('Connection aborted.', RemoteDisconnected('Remote end closed connection without response')). Retrying in 10s... (3 left)
2026-03-24 10:21:31 - QuantSystem - INFO - Fetching akshare data for sh601288 from 2025-10-01 to 2025-12-31
2026-03-24 10:21:32 - QuantSystem - ERROR - Failed to execute fetch_akshare_data after 5 retries: ('Connection aborted.', RemoteDisconnected('Remote end closed connection without response'))
2026-03-24 10:21:32 - QuantSystem - ERROR - Failed to get data for sh601288: ('Connection aborted.', RemoteDisconnected('Remote end closed connection without response'))
2026-03-24 10:21:32 - QuantSystem - INFO - Fetching akshare data for sh601988 from 2025-10-01 to 2025-12-31
2026-03-24 10:21:32 - QuantSystem - WARNING - Error in fetch_akshare_data: ('Connection aborted.', RemoteDisconnected('Remote end closed connection without response')). Retrying in 5s... (4 left)
2026-03-24 10:21:36 - QuantSystem - INFO - Fetching akshare data for sh601288 from 2025-10-01 to 2025-12-31
2026-03-24 10:21:37 - QuantSystem - WARNING - Error in fetch_akshare_data: ('Connection aborted.', RemoteDisconnected('Remote end closed connection without response')). Retrying in 20s... (2 left)
2026-03-24 10:21:37 - QuantSystem - INFO - Fetching akshare data for sh601988 from 2025-10-01 to 2025-12-31
2026-03-24 10:21:39 - QuantSystem - WARNING - Error in fetch_akshare_data: ('Connection aborted.', RemoteDisconnected('Remote end closed connection without response')). Retrying in 10s... (3 left)
2026-03-24 10:21:49 - QuantSystem - INFO - Fetching akshare data for sh601988 from 2025-10-01 to 2025-12-31
2026-03-24 10:21:54 - QuantSystem - WARNING - Error in fetch_akshare_data: ('Connection aborted.', RemoteDisconnected('Remote end closed connection without response')). Retrying in 20s... (2 left)
2026-03-24 10:21:57 - QuantSystem - INFO - Fetching akshare data for sh601288 from 2025-10-01 to 2025-12-31
2026-03-24 10:21:59 - QuantSystem - WARNING - Error in fetch_akshare_data: ('Connection aborted.', RemoteDisconnected('Remote end closed connection without response')). Retrying in 40s... (1 left)
2026-03-24 10:22:14 - QuantSystem - INFO - Fetching akshare data for sh601988 from 2025-10-01 to 2025-12-31
2026-03-24 10:22:16 - QuantSystem - WARNING - Error in fetch_akshare_data: ('Connection aborted.', RemoteDisconnected('Remote end closed connection without response')). Retrying in 40s... (1 left)
2026-03-24 10:22:39 - QuantSystem - INFO - Fetching akshare data for sh601288 from 2025-10-01 to 2025-12-31
2026-03-24 10:22:40 - QuantSystem - ERROR - Failed to execute fetch_akshare_data after 5 retries: ('Connection aborted.', RemoteDisconnected('Remote end closed connection without response'))
2026-03-24 10:22:40 - QuantSystem - ERROR - Failed to get data for sh601288: ('Connection aborted.', RemoteDisconnected('Remote end closed connection without response'))
2026-03-24 10:22:40 - QuantSystem - INFO - Fetching akshare data for sh601988 from 2025-10-01 to 2025-12-31
2026-03-24 10:22:41 - QuantSystem - WARNING - Error in fetch_akshare_data: ('Connection aborted.', RemoteDisconnected('Remote end closed connection without response')). Retrying in 5s... (4 left)
2026-03-24 10:22:46 - QuantSystem - INFO - Fetching akshare data for sh601988 from 2025-10-01 to 2025-12-31
2026-03-24 10:22:46 - QuantSystem - WARNING - Error in fetch_akshare_data: ('Connection aborted.', RemoteDisconnected('Remote end closed connection without response')). Retrying in 10s... (3 left)
2026-03-24 10:22:56 - QuantSystem - INFO - Fetching akshare data for sh601988 from 2025-10-01 to 2025-12-31
2026-03-24 10:22:56 - QuantSystem - INFO - Fetching akshare data for sh601988 from 2025-10-01 to 2025-12-31
2026-03-24 10:22:57 - QuantSystem - WARNING - Error in fetch_akshare_data: ('Connection aborted.', RemoteDisconnected('Remote end closed connection without response')). Retrying in 20s... (2 left)
2026-03-24 10:22:58 - QuantSystem - ERROR - Failed to execute fetch_akshare_data after 5 retries: ('Connection aborted.', RemoteDisconnected('Remote end closed connection without response'))
2026-03-24 10:22:58 - QuantSystem - ERROR - Failed to get data for sh601988: ('Connection aborted.', RemoteDisconnected('Remote end closed connection without response'))
2026-03-24 10:22:58 - QuantSystem - INFO - Fetching akshare data for sh601398 from 2025-10-01 to 2025-12-31
2026-03-24 10:22:59 - QuantSystem - WARNING - Error in fetch_akshare_data: ('Connection aborted.', RemoteDisconnected('Remote end closed connection without response')). Retrying in 5s... (4 left)
2026-03-24 10:23:04 - QuantSystem - INFO - Fetching akshare data for sh601398 from 2025-10-01 to 2025-12-31
2026-03-24 10:23:04 - QuantSystem - WARNING - Error in fetch_akshare_data: ('Connection aborted.', RemoteDisconnected('Remote end closed connection without response')). Retrying in 10s... (3 left)
2026-03-24 10:23:14 - QuantSystem - INFO - Fetching akshare data for sh601398 from 2025-10-01 to 2025-12-31
2026-03-24 10:23:15 - QuantSystem - WARNING - Error in fetch_akshare_data: ('Connection aborted.', RemoteDisconnected('Remote end closed connection without response')). Retrying in 20s... (2 left)
2026-03-24 10:23:17 - QuantSystem - INFO - Fetching akshare data for sh601988 from 2025-10-01 to 2025-12-31
2026-03-24 10:23:19 - QuantSystem - WARNING - Error in fetch_akshare_data: ('Connection aborted.', RemoteDisconnected('Remote end closed connection without response')). Retrying in 40s... (1 left)
2026-03-24 10:23:35 - QuantSystem - INFO - Fetching akshare data for sh601398 from 2025-10-01 to 2025-12-31
2026-03-24 10:23:38 - QuantSystem - WARNING - Error in fetch_akshare_data: ('Connection aborted.', RemoteDisconnected('Remote end closed connection without response')). Retrying in 40s... (1 left)
2026-03-24 10:23:59 - QuantSystem - INFO - Fetching akshare data for sh601988 from 2025-10-01 to 2025-12-31
2026-03-24 10:24:01 - QuantSystem - INFO - Saved sh601988 to cache: cache/sh601988_2025Q4.parquet
2026-03-24 10:24:01 - QuantSystem - WARNING - No overlapping data for risk calculation.
2026-03-24 10:24:01 - QuantSystem - INFO - Fetching akshare data for sh601398 from 2025-10-01 to 2025-12-31
2026-03-24 10:24:01 - QuantSystem - INFO - Saved sh601398 to cache: cache/sh601398_2025Q4.parquet
2026-03-24 10:24:01 - QuantSystem - WARNING - No overlapping data for risk calculation.
2026-03-24 10:24:01 - QuantSystem - INFO - Fetching akshare data for sz300059 from 2025-10-01 to 2025-12-31
2026-03-24 10:24:07 - QuantSystem - INFO - Saved sz300059 to cache: cache/sz300059_2025Q4.parquet
2026-03-24 10:24:07 - QuantSystem - WARNING - No overlapping data for risk calculation.
2026-03-24 10:24:07 - QuantSystem - INFO - Fetching Stooq data for XAUUSD from 2025-10-01 to 2025-12-31
2026-03-24 10:24:08 - QuantSystem - WARNING - No data returned for XAUUSD from Stooq
2026-03-24 10:24:08 - QuantSystem - INFO - Fetching Stooq data for XAGUSD from 2025-10-01 to 2025-12-31
2026-03-24 10:24:08 - QuantSystem - WARNING - No data returned for XAGUSD from Stooq
2026-03-24 10:24:08 - QuantSystem - INFO - Fetching Stooq data for HG.F from 2025-10-01 to 2025-12-31
2026-03-24 10:24:09 - QuantSystem - ERROR - Stooq API error for HG.F: StooqDailyReader request returned no data; check URL for invalid inputs: https://stooq.com/q/d/l/
2026-03-24 10:24:09 - QuantSystem - INFO - HTML report generated: quarterly_analysis_report.html
2026-03-24 10:24:09 - QuantSystem - INFO - History report saved to reports/history/Q4_2025_Analysis.txt
2026-03-24 10:24:11 - QuantSystem - INFO - Configuration loaded successfully.
2026-03-24 10:24:11 - QuantSystem - INFO - Fetching BOC Spot Rates...
2026-03-24 10:24:18 - QuantSystem - INFO - Fetching akshare data for sh601398 from 2025-10-01 to 2025-12-31
2026-03-24 10:24:19 - QuantSystem - ERROR - Failed to execute fetch_akshare_data after 5 retries: ('Connection aborted.', RemoteDisconnected('Remote end closed connection without response'))
2026-03-24 10:24:19 - QuantSystem - ERROR - Failed to get data for sh601398: ('Connection aborted.', RemoteDisconnected('Remote end closed connection without response'))
2026-03-24 10:24:19 - QuantSystem - INFO - Fetching akshare data for sz300059 from 2025-10-01 to 2025-12-31
2026-03-24 10:24:19 - QuantSystem - WARNING - Could not fetch live BOC rates: '货币名称'. Using placeholders.
2026-03-24 10:24:19 - QuantSystem - INFO - Loading ^SPX from cache: cache/SPX_2025Q4.parquet
2026-03-24 10:24:19 - QuantSystem - INFO - Loading ^SPX from cache: cache/SPX_2025Q4.parquet
2026-03-24 10:24:19 - QuantSystem - INFO - Loading ^NDX from cache: cache/NDX_2025Q4.parquet
2026-03-24 10:24:19 - QuantSystem - INFO - Fetching Stooq data for ^STX50E from 2025-10-01 to 2025-12-31
2026-03-24 10:24:20 - QuantSystem - WARNING - No data returned for ^STX50E from Stooq
2026-03-24 10:24:20 - QuantSystem - INFO - Loading ^DAX from cache: cache/DAX_2025Q4.parquet
2026-03-24 10:24:20 - QuantSystem - WARNING - Error in fetch_akshare_data: ('Connection aborted.', RemoteDisconnected('Remote end closed connection without response')). Retrying in 5s... (4 left)
2026-03-24 10:24:20 - QuantSystem - INFO - Fetching Stooq data for XAUUSD from 2025-10-01 to 2025-12-31
2026-03-24 10:24:20 - QuantSystem - WARNING - No data returned for XAUUSD from Stooq
2026-03-24 10:24:20 - QuantSystem - INFO - Fetching Stooq data for XAGUSD from 2025-10-01 to 2025-12-31
2026-03-24 10:24:20 - QuantSystem - WARNING - No data returned for XAGUSD from Stooq
2026-03-24 10:24:20 - QuantSystem - INFO - Fetching Stooq data for HG.F from 2025-10-01 to 2025-12-31
2026-03-24 10:24:21 - QuantSystem - ERROR - Stooq API error for HG.F: StooqDailyReader request returned no data; check URL for invalid inputs: https://stooq.com/q/d/l/
2026-03-24 10:24:21 - QuantSystem - INFO - HTML report generated: quarterly_analysis_report.html
2026-03-24 10:24:21 - QuantSystem - INFO - History report saved to reports/history/Q4_2025_Analysis.txt
2026-03-24 10:24:25 - QuantSystem - INFO - Fetching akshare data for sz300059 from 2025-10-01 to 2025-12-31
2026-03-24 10:24:25 - QuantSystem - WARNING - Error in fetch_akshare_data: ('Connection aborted.', RemoteDisconnected('Remote end closed connection without response')). Retrying in 10s... (3 left)
2026-03-24 10:24:35 - QuantSystem - INFO - Fetching akshare data for sz300059 from 2025-10-01 to 2025-12-31
2026-03-24 10:24:36 - QuantSystem - WARNING - Error in fetch_akshare_data: ('Connection aborted.', RemoteDisconnected('Remote end closed connection without response')). Retrying in 20s... (2 left)
2026-03-24 10:24:56 - QuantSystem - INFO - Fetching akshare data for sz300059 from 2025-10-01 to 2025-12-31
2026-03-24 10:24:57 - QuantSystem - WARNING - Error in fetch_akshare_data: ('Connection aborted.', RemoteDisconnected('Remote end closed connection without response')). Retrying in 40s... (1 left)
2026-03-24 10:25:37 - QuantSystem - INFO - Fetching akshare data for sz300059 from 2025-10-01 to 2025-12-31
2026-03-24 10:25:39 - QuantSystem - ERROR - Failed to execute fetch_akshare_data after 5 retries: ('Connection aborted.', RemoteDisconnected('Remote end closed connection without response'))
2026-03-24 10:25:39 - QuantSystem - ERROR - Failed to get data for sz300059: ('Connection aborted.', RemoteDisconnected('Remote end closed connection without response'))
2026-03-24 10:25:39 - QuantSystem - INFO - Fetching Stooq data for XAUUSD from 2025-10-01 to 2025-12-31
2026-03-24 10:25:39 - QuantSystem - WARNING - No data returned for XAUUSD from Stooq
2026-03-24 10:25:39 - QuantSystem - INFO - Fetching Stooq data for XAGUSD from 2025-10-01 to 2025-12-31
2026-03-24 10:25:40 - QuantSystem - WARNING - No data returned for XAGUSD from Stooq
2026-03-24 10:25:40 - QuantSystem - INFO - Fetching Stooq data for HG.F from 2025-10-01 to 2025-12-31
2026-03-24 10:25:40 - QuantSystem - ERROR - Stooq API error for HG.F: StooqDailyReader request returned no data; check URL for invalid inputs: https://stooq.com/q/d/l/
2026-03-24 10:25:40 - QuantSystem - INFO - HTML report generated: quarterly_analysis_report.html
2026-03-24 10:25:40 - QuantSystem - INFO - History report saved to reports/history/Q4_2025_Analysis.txt
2026-03-24 10:29:47 - QuantSystem - INFO - Configuration loaded successfully.
2026-03-24 10:29:47 - QuantSystem - INFO - Fetching BOC Spot Rates...
2026-03-24 10:29:57 - QuantSystem - WARNING - Could not fetch live BOC rates: '货币名称'. Using placeholders.
2026-03-24 10:29:57 - QuantSystem - INFO - Fetching Stooq data for ^SPX from 2025-10-01 to 2025-12-31
2026-03-24 10:29:58 - QuantSystem - INFO - Standardized Stooq data for ^SPX: 64 rows.
2026-03-24 10:29:58 - QuantSystem - INFO - Saved ^SPX to cache: cache/SPX_2025Q4.parquet
2026-03-24 10:29:58 - QuantSystem - INFO - Loading ^SPX from cache: cache/SPX_2025Q4.parquet
2026-03-24 10:29:58 - QuantSystem - INFO - Fetching Stooq data for ^NDX from 2025-10-01 to 2025-12-31
2026-03-24 10:29:59 - QuantSystem - INFO - Standardized Stooq data for ^NDX: 64 rows.
2026-03-24 10:29:59 - QuantSystem - INFO - Saved ^NDX to cache: cache/NDX_2025Q4.parquet
2026-03-24 10:29:59 - QuantSystem - INFO - Fetching Stooq data for ^STX50E from 2025-10-01 to 2025-12-31
2026-03-24 10:29:59 - QuantSystem - WARNING - No data returned for ^STX50E from Stooq
2026-03-24 10:29:59 - QuantSystem - INFO - Fetching Stooq data for ^DAX from 2025-10-01 to 2025-12-31
2026-03-24 10:29:59 - QuantSystem - INFO - Standardized Stooq data for ^DAX: 62 rows.
2026-03-24 10:29:59 - QuantSystem - INFO - Saved ^DAX to cache: cache/DAX_2025Q4.parquet
2026-03-24 10:29:59 - QuantSystem - INFO - Fetching akshare data for sh601939 from 2025-10-01 to 2025-12-31
2026-03-24 10:30:00 - QuantSystem - WARNING - Error in fetch_akshare_data: ('Connection aborted.', RemoteDisconnected('Remote end closed connection without response')). Retrying in 5s... (4 left)
2026-03-24 10:30:05 - QuantSystem - INFO - Fetching akshare data for sh601939 from 2025-10-01 to 2025-12-31
2026-03-24 10:30:08 - QuantSystem - WARNING - Error in fetch_akshare_data: ('Connection aborted.', RemoteDisconnected('Remote end closed connection without response')). Retrying in 10s... (3 left)
2026-03-24 10:30:18 - QuantSystem - INFO - Fetching akshare data for sh601939 from 2025-10-01 to 2025-12-31
2026-03-24 10:30:18 - QuantSystem - WARNING - Error in fetch_akshare_data: ('Connection aborted.', RemoteDisconnected('Remote end closed connection without response')). Retrying in 20s... (2 left)
2026-03-24 10:30:38 - QuantSystem - INFO - Fetching akshare data for sh601939 from 2025-10-01 to 2025-12-31
2026-03-24 10:30:39 - QuantSystem - WARNING - Error in fetch_akshare_data: ('Connection aborted.', RemoteDisconnected('Remote end closed connection without response')). Retrying in 40s... (1 left)
2026-03-24 10:31:19 - QuantSystem - INFO - Fetching akshare data for sh601939 from 2025-10-01 to 2025-12-31
2026-03-24 10:31:20 - QuantSystem - ERROR - Failed to execute fetch_akshare_data after 5 retries: ('Connection aborted.', RemoteDisconnected('Remote end closed connection without response'))
2026-03-24 10:31:20 - QuantSystem - ERROR - Failed to get data for sh601939: ('Connection aborted.', RemoteDisconnected('Remote end closed connection without response'))
2026-03-24 10:31:20 - QuantSystem - INFO - Fetching akshare data for sh601288 from 2025-10-01 to 2025-12-31
2026-03-24 10:31:21 - QuantSystem - WARNING - Error in fetch_akshare_data: ('Connection aborted.', RemoteDisconnected('Remote end closed connection without response')). Retrying in 5s... (4 left)
2026-03-24 10:31:26 - QuantSystem - INFO - Fetching akshare data for sh601288 from 2025-10-01 to 2025-12-31
2026-03-24 10:31:27 - QuantSystem - WARNING - Error in fetch_akshare_data: ('Connection aborted.', RemoteDisconnected('Remote end closed connection without response')). Retrying in 10s... (3 left)
2026-03-24 10:31:37 - QuantSystem - INFO - Fetching akshare data for sh601288 from 2025-10-01 to 2025-12-31
2026-03-24 10:31:40 - QuantSystem - WARNING - Error in fetch_akshare_data: ('Connection aborted.', RemoteDisconnected('Remote end closed connection without response')). Retrying in 20s... (2 left)
2026-03-24 10:32:00 - QuantSystem - INFO - Fetching akshare data for sh601288 from 2025-10-01 to 2025-12-31
2026-03-24 10:32:02 - QuantSystem - WARNING - Error in fetch_akshare_data: ('Connection aborted.', RemoteDisconnected('Remote end closed connection without response')). Retrying in 40s... (1 left)
2026-03-24 10:32:42 - QuantSystem - INFO - Fetching akshare data for sh601288 from 2025-10-01 to 2025-12-31
2026-03-24 10:32:43 - QuantSystem - ERROR - Failed to execute fetch_akshare_data after 5 retries: ('Connection aborted.', RemoteDisconnected('Remote end closed connection without response'))
2026-03-24 10:32:43 - QuantSystem - ERROR - Failed to get data for sh601288: ('Connection aborted.', RemoteDisconnected('Remote end closed connection without response'))
2026-03-24 10:32:43 - QuantSystem - INFO - Fetching akshare data for sh601988 from 2025-10-01 to 2025-12-31
2026-03-24 10:32:45 - QuantSystem - WARNING - Error in fetch_akshare_data: ('Connection aborted.', RemoteDisconnected('Remote end closed connection without response')). Retrying in 5s... (4 left)
2026-03-24 10:32:50 - QuantSystem - INFO - Fetching akshare data for sh601988 from 2025-10-01 to 2025-12-31
2026-03-24 10:32:51 - QuantSystem - WARNING - Error in fetch_akshare_data: ('Connection aborted.', RemoteDisconnected('Remote end closed connection without response')). Retrying in 10s... (3 left)
2026-03-24 10:33:01 - QuantSystem - INFO - Fetching akshare data for sh601988 from 2025-10-01 to 2025-12-31
2026-03-24 10:33:19 - QuantSystem - WARNING - Error in fetch_akshare_data: ('Connection aborted.', RemoteDisconnected('Remote end closed connection without response')). Retrying in 20s... (2 left)
2026-03-24 10:33:39 - QuantSystem - INFO - Fetching akshare data for sh601988 from 2025-10-01 to 2025-12-31
2026-03-24 10:33:46 - QuantSystem - WARNING - Error in fetch_akshare_data: ('Connection aborted.', RemoteDisconnected('Remote end closed connection without response')). Retrying in 40s... (1 left)
2026-03-24 10:34:26 - QuantSystem - INFO - Fetching akshare data for sh601988 from 2025-10-01 to 2025-12-31
2026-03-24 10:34:30 - QuantSystem - ERROR - Failed to execute fetch_akshare_data after 5 retries: ('Connection aborted.', RemoteDisconnected('Remote end closed connection without response'))
2026-03-24 10:34:30 - QuantSystem - ERROR - Failed to get data for sh601988: ('Connection aborted.', RemoteDisconnected('Remote end closed connection without response'))
2026-03-24 10:34:30 - QuantSystem - INFO - Fetching akshare data for sh601398 from 2025-10-01 to 2025-12-31
2026-03-24 10:34:31 - QuantSystem - WARNING - Error in fetch_akshare_data: ('Connection aborted.', RemoteDisconnected('Remote end closed connection without response')). Retrying in 5s... (4 left)
2026-03-24 10:34:36 - QuantSystem - INFO - Fetching akshare data for sh601398 from 2025-10-01 to 2025-12-31
2026-03-24 10:34:37 - QuantSystem - WARNING - Error in fetch_akshare_data: ('Connection aborted.', RemoteDisconnected('Remote end closed connection without response')). Retrying in 10s... (3 left)
2026-03-24 10:34:47 - QuantSystem - INFO - Fetching akshare data for sh601398 from 2025-10-01 to 2025-12-31
2026-03-24 10:34:48 - QuantSystem - WARNING - Error in fetch_akshare_data: ('Connection aborted.', RemoteDisconnected('Remote end closed connection without response')). Retrying in 20s... (2 left)
2026-03-24 10:35:08 - QuantSystem - INFO - Fetching akshare data for sh601398 from 2025-10-01 to 2025-12-31
2026-03-24 10:35:10 - QuantSystem - WARNING - Error in fetch_akshare_data: ('Connection aborted.', RemoteDisconnected('Remote end closed connection without response')). Retrying in 40s... (1 left)
2026-03-24 10:35:50 - QuantSystem - INFO - Fetching akshare data for sh601398 from 2025-10-01 to 2025-12-31
2026-03-24 10:35:51 - QuantSystem - ERROR - Failed to execute fetch_akshare_data after 5 retries: ('Connection aborted.', RemoteDisconnected('Remote end closed connection without response'))
2026-03-24 10:35:51 - QuantSystem - ERROR - Failed to get data for sh601398: ('Connection aborted.', RemoteDisconnected('Remote end closed connection without response'))
2026-03-24 10:35:51 - QuantSystem - INFO - Fetching akshare data for sz300059 from 2025-10-01 to 2025-12-31
2026-03-24 10:35:51 - QuantSystem - WARNING - Error in fetch_akshare_data: ('Connection aborted.', RemoteDisconnected('Remote end closed connection without response')). Retrying in 5s... (4 left)
2026-03-24 10:35:56 - QuantSystem - INFO - Fetching akshare data for sz300059 from 2025-10-01 to 2025-12-31
2026-03-24 10:35:57 - QuantSystem - WARNING - Error in fetch_akshare_data: ('Connection aborted.', RemoteDisconnected('Remote end closed connection without response')). Retrying in 10s... (3 left)
2026-03-24 10:36:07 - QuantSystem - INFO - Fetching akshare data for sz300059 from 2025-10-01 to 2025-12-31
2026-03-24 10:36:08 - QuantSystem - WARNING - Error in fetch_akshare_data: ('Connection aborted.', RemoteDisconnected('Remote end closed connection without response')). Retrying in 20s... (2 left)
2026-03-24 10:36:28 - QuantSystem - INFO - Fetching akshare data for sz300059 from 2025-10-01 to 2025-12-31
2026-03-24 10:36:29 - QuantSystem - WARNING - Error in fetch_akshare_data: ('Connection aborted.', RemoteDisconnected('Remote end closed connection without response')). Retrying in 40s... (1 left)
2026-03-24 10:37:09 - QuantSystem - INFO - Fetching akshare data for sz300059 from 2025-10-01 to 2025-12-31
2026-03-24 10:37:14 - QuantSystem - ERROR - Failed to execute fetch_akshare_data after 5 retries: ('Connection aborted.', RemoteDisconnected('Remote end closed connection without response'))
2026-03-24 10:37:14 - QuantSystem - ERROR - Failed to get data for sz300059: ('Connection aborted.', RemoteDisconnected('Remote end closed connection without response'))
2026-03-24 10:37:14 - QuantSystem - INFO - Fetching Stooq data for XAUUSD from 2025-10-01 to 2025-12-31
2026-03-24 10:37:14 - QuantSystem - WARNING - No data returned for XAUUSD from Stooq
2026-03-24 10:37:14 - QuantSystem - INFO - Fetching Stooq data for XAGUSD from 2025-10-01 to 2025-12-31
2026-03-24 10:37:15 - QuantSystem - WARNING - No data returned for XAGUSD from Stooq
2026-03-24 10:37:15 - QuantSystem - INFO - Fetching Stooq data for HG.F from 2025-10-01 to 2025-12-31
2026-03-24 10:37:15 - QuantSystem - ERROR - Stooq API error for HG.F: StooqDailyReader request returned no data; check URL for invalid inputs: https://stooq.com/q/d/l/
2026-03-24 10:37:15 - QuantSystem - INFO - HTML report generated: quarterly_analysis_report.html
2026-03-24 10:37:15 - QuantSystem - INFO - History report saved to reports/history/Q4_2025_Analysis.txt
2026-03-24 11:48:32 - QuantSystem - INFO - Configuration loaded successfully.
2026-03-24 11:48:32 - QuantSystem - INFO - Fetching FX Rates (BOC with yfinance fallback)...
2026-03-24 11:48:32 - QuantSystem - INFO - Fetching Stooq data for USDCNY=X from 2025-10-01 to 2025-12-31
2026-03-24 11:48:32 - QuantSystem - WARNING - No data returned for USDCNY=X from Stooq
2026-03-24 11:48:32 - QuantSystem - INFO - Stooq failed for USDCNY=X, trying yfinance fallback
2026-03-24 11:48:32 - QuantSystem - INFO - Fetching yfinance data for USDCNY=X from 2025-10-01 to 2025-12-31
2026-03-24 11:48:33 - QuantSystem - INFO - Saved USDCNY=X to cache: cache/USDCNYX_2025Q4.parquet
2026-03-24 11:48:33 - QuantSystem - INFO - Fetching Stooq data for EURCNY=X from 2025-10-01 to 2025-12-31
2026-03-24 11:48:33 - QuantSystem - WARNING - No data returned for EURCNY=X from Stooq
2026-03-24 11:48:33 - QuantSystem - INFO - Stooq failed for EURCNY=X, trying yfinance fallback
2026-03-24 11:48:33 - QuantSystem - INFO - Fetching yfinance data for EURCNY=X from 2025-10-01 to 2025-12-31
2026-03-24 11:48:33 - QuantSystem - INFO - Saved EURCNY=X to cache: cache/EURCNYX_2025Q4.parquet
2026-03-24 11:48:33 - QuantSystem - INFO - Fetching Stooq data for EURUSD=X from 2025-10-01 to 2025-12-31
2026-03-24 11:48:34 - QuantSystem - WARNING - No data returned for EURUSD=X from Stooq
2026-03-24 11:48:34 - QuantSystem - INFO - Stooq failed for EURUSD=X, trying yfinance fallback
2026-03-24 11:48:34 - QuantSystem - INFO - Fetching yfinance data for EURUSD=X from 2025-10-01 to 2025-12-31
2026-03-24 11:48:34 - QuantSystem - INFO - Saved EURUSD=X to cache: cache/EURUSDX_2025Q4.parquet
2026-03-24 11:48:34 - QuantSystem - INFO - Fetching Stooq data for ^SPX from 2025-10-01 to 2025-12-31
2026-03-24 11:48:35 - QuantSystem - INFO - Saved ^SPX to cache: cache/SPX_2025Q4.parquet
2026-03-24 11:48:35 - QuantSystem - INFO - Fetching Stooq data for ^SPX from 2025-10-01 to 2025-12-31
2026-03-24 11:48:36 - QuantSystem - INFO - Saved ^SPX to cache: cache/SPX_2025Q4.parquet
2026-03-24 11:48:36 - QuantSystem - INFO - Fetching Stooq data for ^NDX from 2025-10-01 to 2025-12-31
2026-03-24 11:48:37 - QuantSystem - INFO - Saved ^NDX to cache: cache/NDX_2025Q4.parquet
2026-03-24 11:48:37 - QuantSystem - INFO - Fetching Stooq data for ^STX50E from 2025-10-01 to 2025-12-31
2026-03-24 11:48:38 - QuantSystem - WARNING - No data returned for ^STX50E from Stooq
2026-03-24 11:48:38 - QuantSystem - INFO - Stooq failed for ^STX50E, trying yfinance fallback
2026-03-24 11:48:38 - QuantSystem - INFO - Fetching yfinance data for ^STX50E from 2025-10-01 to 2025-12-31
2026-03-24 11:48:40 - QuantSystem - INFO - Fetching Stooq data for ^DAX from 2025-10-01 to 2025-12-31
2026-03-24 11:48:40 - QuantSystem - INFO - Saved ^DAX to cache: cache/DAX_2025Q4.parquet
2026-03-24 11:48:40 - QuantSystem - INFO - Fetching akshare data for sh601939 from 2025-10-01 to 2025-12-31
2026-03-24 11:49:13 - QuantSystem - WARNING - stock_zh_a_hist failed for sh601939, trying spot fallback
2026-03-24 11:49:20 - QuantSystem - ERROR - akshare error for sh601939: ('Connection aborted.', RemoteDisconnected('Remote end closed connection without response'))
2026-03-24 11:49:20 - QuantSystem - INFO - Fetching akshare data for sh601288 from 2025-10-01 to 2025-12-31
2026-03-24 11:49:23 - QuantSystem - WARNING - stock_zh_a_hist failed for sh601288, trying spot fallback
2026-03-24 11:49:34 - QuantSystem - ERROR - akshare error for sh601288: ('Connection aborted.', RemoteDisconnected('Remote end closed connection without response'))
2026-03-24 11:49:34 - QuantSystem - INFO - Fetching akshare data for sh601988 from 2025-10-01 to 2025-12-31
2026-03-24 11:49:37 - QuantSystem - WARNING - stock_zh_a_hist failed for sh601988, trying spot fallback
2026-03-24 11:49:43 - QuantSystem - ERROR - akshare error for sh601988: ('Connection aborted.', RemoteDisconnected('Remote end closed connection without response'))
2026-03-24 11:49:43 - QuantSystem - INFO - Fetching akshare data for sh601398 from 2025-10-01 to 2025-12-31
2026-03-24 11:49:45 - QuantSystem - WARNING - stock_zh_a_hist failed for sh601398, trying spot fallback
2026-03-24 11:49:54 - QuantSystem - ERROR - akshare error for sh601398: ('Connection aborted.', RemoteDisconnected('Remote end closed connection without response'))
2026-03-24 11:49:54 - QuantSystem - INFO - Fetching akshare data for sz300059 from 2025-10-01 to 2025-12-31
2026-03-24 11:49:56 - QuantSystem - WARNING - stock_zh_a_hist failed for sz300059, trying spot fallback
2026-03-24 11:50:04 - QuantSystem - ERROR - akshare error for sz300059: ('Connection aborted.', RemoteDisconnected('Remote end closed connection without response'))
2026-03-24 11:50:04 - QuantSystem - INFO - Fetching Stooq data for XAUUSD from 2025-10-01 to 2025-12-31
2026-03-24 11:50:20 - QuantSystem - WARNING - No data returned for XAUUSD from Stooq
2026-03-24 11:50:20 - QuantSystem - INFO - Stooq failed for XAUUSD, trying yfinance fallback
2026-03-24 11:50:20 - QuantSystem - INFO - Fetching yfinance data for XAUUSD from 2025-10-01 to 2025-12-31
2026-03-24 11:50:22 - QuantSystem - INFO - Fetching Stooq data for XAGUSD from 2025-10-01 to 2025-12-31
2026-03-24 11:50:22 - QuantSystem - WARNING - No data returned for XAGUSD from Stooq
2026-03-24 11:50:22 - QuantSystem - INFO - Stooq failed for XAGUSD, trying yfinance fallback
2026-03-24 11:50:22 - QuantSystem - INFO - Fetching yfinance data for XAGUSD from 2025-10-01 to 2025-12-31
2026-03-24 11:50:23 - QuantSystem - INFO - Fetching Stooq data for HG.F from 2025-10-01 to 2025-12-31
2026-03-24 11:50:23 - QuantSystem - ERROR - Stooq API error for HG.F: StooqDailyReader request returned no data; check URL for invalid inputs: https://stooq.com/q/d/l/
2026-03-24 11:50:23 - QuantSystem - INFO - Stooq failed for HG.F, trying yfinance fallback
2026-03-24 11:50:23 - QuantSystem - INFO - Fetching yfinance data for HG.F from 2025-10-01 to 2025-12-31
2026-03-24 11:50:23 - QuantSystem - INFO - HTML report generated: quarterly_analysis_report.html
2026-03-24 11:50:23 - QuantSystem - INFO - History report saved to reports/history/Q4_2025_Analysis.txt
2026-03-24 11:50:57 - QuantSystem - INFO - Configuration loaded successfully.
2026-03-24 11:50:57 - QuantSystem - INFO - Fetching FX Rates (BOC with yfinance fallback)...
2026-03-24 11:50:57 - QuantSystem - INFO - Loading USDCNY=X from cache: cache/USDCNYX_2025Q4.parquet
2026-03-24 11:50:57 - QuantSystem - INFO - Loading EURCNY=X from cache: cache/EURCNYX_2025Q4.parquet
2026-03-24 11:50:57 - QuantSystem - INFO - Loading EURUSD=X from cache: cache/EURUSDX_2025Q4.parquet
2026-03-24 11:50:57 - QuantSystem - INFO - Fetching Stooq data for ^SPX from 2025-10-01 to 2025-12-31
2026-03-24 11:50:58 - QuantSystem - INFO - Saved ^SPX to cache: cache/SPX_2025Q4.parquet
2026-03-24 11:50:58 - QuantSystem - INFO - Fetching Stooq data for ^SPX from 2025-10-01 to 2025-12-31
2026-03-24 11:50:58 - QuantSystem - INFO - Saved ^SPX to cache: cache/SPX_2025Q4.parquet
2026-03-24 11:50:58 - QuantSystem - INFO - Fetching Stooq data for ^NDX from 2025-10-01 to 2025-12-31
2026-03-24 11:50:58 - QuantSystem - INFO - Saved ^NDX to cache: cache/NDX_2025Q4.parquet
2026-03-24 11:50:58 - QuantSystem - INFO - Fetching Stooq data for ^STOXX50E from 2025-10-01 to 2025-12-31
2026-03-24 11:50:59 - QuantSystem - WARNING - No data returned for ^STOXX50E from Stooq
2026-03-24 11:50:59 - QuantSystem - INFO - Stooq failed for ^STOXX50E, trying yfinance fallback
2026-03-24 11:50:59 - QuantSystem - INFO - Fetching yfinance data for ^STOXX50E from 2025-10-01 to 2025-12-31
2026-03-24 11:50:59 - QuantSystem - INFO - Saved ^STOXX50E to cache: cache/STOXX50E_2025Q4.parquet
2026-03-24 11:50:59 - QuantSystem - INFO - Fetching Stooq data for ^DAX from 2025-10-01 to 2025-12-31
2026-03-24 11:50:59 - QuantSystem - INFO - Saved ^DAX to cache: cache/DAX_2025Q4.parquet
2026-03-24 11:50:59 - QuantSystem - INFO - Fetching akshare data for sh601939 from 2025-10-01 to 2025-12-31
2026-03-24 11:51:06 - QuantSystem - WARNING - stock_zh_a_hist failed for sh601939, trying fallback interfaces
2026-03-24 11:51:15 - QuantSystem - ERROR - akshare error for sh601939: ('Connection aborted.', RemoteDisconnected('Remote end closed connection without response'))
2026-03-24 11:51:15 - QuantSystem - INFO - Fetching akshare data for sh601288 from 2025-10-01 to 2025-12-31
2026-03-24 11:51:18 - QuantSystem - WARNING - stock_zh_a_hist failed for sh601288, trying fallback interfaces
2026-03-24 11:51:27 - QuantSystem - ERROR - akshare error for sh601288: ('Connection aborted.', RemoteDisconnected('Remote end closed connection without response'))
2026-03-24 11:51:27 - QuantSystem - INFO - Fetching akshare data for sh601988 from 2025-10-01 to 2025-12-31
2026-03-24 11:51:30 - QuantSystem - WARNING - stock_zh_a_hist failed for sh601988, trying fallback interfaces
2026-03-24 11:51:40 - QuantSystem - ERROR - akshare error for sh601988: ('Connection aborted.', RemoteDisconnected('Remote end closed connection without response'))
2026-03-24 11:51:40 - QuantSystem - INFO - Fetching akshare data for sh601398 from 2025-10-01 to 2025-12-31
2026-03-24 11:51:43 - QuantSystem - WARNING - stock_zh_a_hist failed for sh601398, trying fallback interfaces
2026-03-24 11:51:51 - QuantSystem - ERROR - akshare error for sh601398: ('Connection aborted.', RemoteDisconnected('Remote end closed connection without response'))
2026-03-24 11:51:51 - QuantSystem - INFO - Fetching akshare data for sz300059 from 2025-10-01 to 2025-12-31
2026-03-24 11:51:54 - QuantSystem - WARNING - stock_zh_a_hist failed for sz300059, trying fallback interfaces
2026-03-24 11:52:02 - QuantSystem - ERROR - akshare error for sz300059: ('Connection aborted.', RemoteDisconnected('Remote end closed connection without response'))
2026-03-24 11:52:02 - QuantSystem - INFO - Fetching Stooq data for GC.F from 2025-10-01 to 2025-12-31
2026-03-24 11:52:02 - QuantSystem - ERROR - Stooq API error for GC.F: StooqDailyReader request returned no data; check URL for invalid inputs: https://stooq.com/q/d/l/
2026-03-24 11:52:02 - QuantSystem - INFO - Stooq failed for GC.F, trying yfinance fallback
2026-03-24 11:52:02 - QuantSystem - INFO - Fetching yfinance data for GC.F from 2025-10-01 to 2025-12-31
2026-03-24 11:52:03 - QuantSystem - INFO - Fetching Stooq data for SI.F from 2025-10-01 to 2025-12-31
2026-03-24 11:52:03 - QuantSystem - ERROR - Stooq API error for SI.F: StooqDailyReader request returned no data; check URL for invalid inputs: https://stooq.com/q/d/l/
2026-03-24 11:52:03 - QuantSystem - INFO - Stooq failed for SI.F, trying yfinance fallback
2026-03-24 11:52:03 - QuantSystem - INFO - Fetching yfinance data for SI.F from 2025-10-01 to 2025-12-31
2026-03-24 11:52:04 - QuantSystem - INFO - Fetching Stooq data for HG.F from 2025-10-01 to 2025-12-31
2026-03-24 11:52:05 - QuantSystem - ERROR - Stooq API error for HG.F: StooqDailyReader request returned no data; check URL for invalid inputs: https://stooq.com/q/d/l/
2026-03-24 11:52:05 - QuantSystem - INFO - Stooq failed for HG.F, trying yfinance fallback
2026-03-24 11:52:05 - QuantSystem - INFO - Fetching yfinance data for HG.F from 2025-10-01 to 2025-12-31
2026-03-24 11:52:06 - QuantSystem - INFO - HTML report generated: quarterly_analysis_report.html
2026-03-24 11:52:06 - QuantSystem - INFO - History report saved to reports/history/Q4_2025_Analysis.txt
2026-03-24 11:52:59 - QuantSystem - INFO - Configuration loaded successfully.
2026-03-24 11:52:59 - QuantSystem - INFO - Fetching FX Rates (BOC with yfinance fallback)...
2026-03-24 11:52:59 - QuantSystem - INFO - Loading USDCNY=X from cache: cache/USDCNYX_2025Q4.parquet
2026-03-24 11:53:00 - QuantSystem - INFO - Loading EURCNY=X from cache: cache/EURCNYX_2025Q4.parquet
2026-03-24 11:53:00 - QuantSystem - INFO - Loading EURUSD=X from cache: cache/EURUSDX_2025Q4.parquet
2026-03-24 11:53:00 - QuantSystem - INFO - Fetching Stooq data for ^SPX from 2025-10-01 to 2025-12-31
2026-03-24 11:53:00 - QuantSystem - INFO - Saved ^SPX to cache: cache/SPX_2025Q4.parquet
2026-03-24 11:53:00 - QuantSystem - INFO - Fetching Stooq data for ^SPX from 2025-10-01 to 2025-12-31
2026-03-24 11:53:00 - QuantSystem - INFO - Saved ^SPX to cache: cache/SPX_2025Q4.parquet
2026-03-24 11:53:00 - QuantSystem - INFO - Fetching Stooq data for ^NDX from 2025-10-01 to 2025-12-31
2026-03-24 11:53:00 - QuantSystem - INFO - Saved ^NDX to cache: cache/NDX_2025Q4.parquet
2026-03-24 11:53:00 - QuantSystem - INFO - Fetching Stooq data for ^STOXX50E from 2025-10-01 to 2025-12-31
2026-03-24 11:53:01 - QuantSystem - WARNING - No data returned for ^STOXX50E from Stooq
2026-03-24 11:53:01 - QuantSystem - INFO - Stooq failed for ^STOXX50E, trying yfinance fallback
2026-03-24 11:53:01 - QuantSystem - INFO - Fetching yfinance data for ^STOXX50E from 2025-10-01 to 2025-12-31
2026-03-24 11:53:04 - QuantSystem - INFO - Saved ^STOXX50E to cache: cache/STOXX50E_2025Q4.parquet
2026-03-24 11:53:04 - QuantSystem - INFO - Fetching Stooq data for ^DAX from 2025-10-01 to 2025-12-31
2026-03-24 11:53:05 - QuantSystem - INFO - Saved ^DAX to cache: cache/DAX_2025Q4.parquet
2026-03-24 11:53:05 - QuantSystem - INFO - Fetching akshare data for sh601939 from 2025-10-01 to 2025-12-31
2026-03-24 11:53:11 - QuantSystem - WARNING - stock_zh_a_hist failed for sh601939, trying fallback interfaces
2026-03-24 11:53:16 - QuantSystem - INFO - Saved sh601939 to cache: cache/sh601939_2025Q4.parquet
2026-03-24 11:53:16 - QuantSystem - WARNING - Data empty after date filtering for sh601939
2026-03-24 11:53:16 - QuantSystem - INFO - Fetching akshare data for sh601288 from 2025-10-01 to 2025-12-31
2026-03-24 11:53:19 - QuantSystem - WARNING - stock_zh_a_hist failed for sh601288, trying fallback interfaces
2026-03-24 11:53:21 - QuantSystem - INFO - Saved sh601288 to cache: cache/sh601288_2025Q4.parquet
2026-03-24 11:53:21 - QuantSystem - WARNING - Data empty after date filtering for sh601288
2026-03-24 11:53:21 - QuantSystem - INFO - Fetching akshare data for sh601988 from 2025-10-01 to 2025-12-31
2026-03-24 11:53:24 - QuantSystem - WARNING - stock_zh_a_hist failed for sh601988, trying fallback interfaces
2026-03-24 11:53:26 - QuantSystem - INFO - Saved sh601988 to cache: cache/sh601988_2025Q4.parquet
2026-03-24 11:53:26 - QuantSystem - WARNING - Data empty after date filtering for sh601988
2026-03-24 11:53:26 - QuantSystem - INFO - Fetching akshare data for sh601398 from 2025-10-01 to 2025-12-31
2026-03-24 11:53:30 - QuantSystem - WARNING - stock_zh_a_hist failed for sh601398, trying fallback interfaces
2026-03-24 11:53:32 - QuantSystem - INFO - Saved sh601398 to cache: cache/sh601398_2025Q4.parquet
2026-03-24 11:53:32 - QuantSystem - WARNING - Data empty after date filtering for sh601398
2026-03-24 11:53:32 - QuantSystem - INFO - Fetching akshare data for sz300059 from 2025-10-01 to 2025-12-31
2026-03-24 11:53:35 - QuantSystem - WARNING - stock_zh_a_hist failed for sz300059, trying fallback interfaces
2026-03-24 11:53:37 - QuantSystem - INFO - Saved sz300059 to cache: cache/sz300059_2025Q4.parquet
2026-03-24 11:53:37 - QuantSystem - WARNING - Data empty after date filtering for sz300059
2026-03-24 11:53:37 - QuantSystem - INFO - Fetching Stooq data for GC.F from 2025-10-01 to 2025-12-31
2026-03-24 11:53:38 - QuantSystem - ERROR - Stooq API error for GC.F: StooqDailyReader request returned no data; check URL for invalid inputs: https://stooq.com/q/d/l/
2026-03-24 11:53:38 - QuantSystem - INFO - Stooq failed for GC.F, trying yfinance fallback
2026-03-24 11:53:38 - QuantSystem - INFO - Fetching yfinance data for GC.F from 2025-10-01 to 2025-12-31
2026-03-24 11:53:38 - QuantSystem - INFO - Primary GC.F failed, trying fallback GC=F
2026-03-24 11:53:38 - QuantSystem - INFO - Fetching Stooq data for GC=F from 2025-10-01 to 2025-12-31
2026-03-24 11:53:38 - QuantSystem - WARNING - No data returned for GC=F from Stooq
2026-03-24 11:53:38 - QuantSystem - INFO - Stooq failed for GC=F, trying yfinance fallback
2026-03-24 11:53:38 - QuantSystem - INFO - Fetching yfinance data for GC=F from 2025-10-01 to 2025-12-31
2026-03-24 11:53:38 - QuantSystem - INFO - Saved GC=F to cache: cache/GCF_2025Q4.parquet
2026-03-24 11:53:38 - QuantSystem - INFO - Fetching Stooq data for SI.F from 2025-10-01 to 2025-12-31
2026-03-24 11:53:39 - QuantSystem - ERROR - Stooq API error for SI.F: StooqDailyReader request returned no data; check URL for invalid inputs: https://stooq.com/q/d/l/
2026-03-24 11:53:39 - QuantSystem - INFO - Stooq failed for SI.F, trying yfinance fallback
2026-03-24 11:53:39 - QuantSystem - INFO - Fetching yfinance data for SI.F from 2025-10-01 to 2025-12-31
2026-03-24 11:53:40 - QuantSystem - INFO - Primary SI.F failed, trying fallback SI=F
2026-03-24 11:53:40 - QuantSystem - INFO - Fetching Stooq data for SI=F from 2025-10-01 to 2025-12-31
2026-03-24 11:53:40 - QuantSystem - INFO - Saved SI=F to cache: cache/SIF_2025Q4.parquet
2026-03-24 11:53:40 - QuantSystem - INFO - Fetching Stooq data for HG.F from 2025-10-01 to 2025-12-31
2026-03-24 11:53:41 - QuantSystem - ERROR - Stooq API error for HG.F: StooqDailyReader request returned no data; check URL for invalid inputs: https://stooq.com/q/d/l/
2026-03-24 11:53:41 - QuantSystem - INFO - Stooq failed for HG.F, trying yfinance fallback
2026-03-24 11:53:41 - QuantSystem - INFO - Fetching yfinance data for HG.F from 2025-10-01 to 2025-12-31
2026-03-24 11:53:42 - QuantSystem - INFO - Primary HG.F failed, trying fallback HG=F
2026-03-24 11:53:42 - QuantSystem - INFO - Fetching Stooq data for HG=F from 2025-10-01 to 2025-12-31
2026-03-24 11:53:42 - QuantSystem - WARNING - No data returned for HG=F from Stooq
2026-03-24 11:53:42 - QuantSystem - INFO - Stooq failed for HG=F, trying yfinance fallback
2026-03-24 11:53:42 - QuantSystem - INFO - Fetching yfinance data for HG=F from 2025-10-01 to 2025-12-31
2026-03-24 11:53:42 - QuantSystem - INFO - Saved HG=F to cache: cache/HGF_2025Q4.parquet
2026-03-24 11:53:43 - QuantSystem - INFO - HTML report generated: quarterly_analysis_report.html
2026-03-24 11:53:43 - QuantSystem - INFO - History report saved to reports/history/Q4_2025_Analysis.txt
2026-03-24 11:54:12 - QuantSystem - INFO - Configuration loaded successfully.
2026-03-24 11:54:12 - QuantSystem - INFO - Fetching FX Rates (BOC with yfinance fallback)...
2026-03-24 11:54:12 - QuantSystem - INFO - Loading USDCNY=X from cache: cache/USDCNYX_2025Q4.parquet
2026-03-24 11:54:12 - QuantSystem - INFO - Loading EURCNY=X from cache: cache/EURCNYX_2025Q4.parquet
2026-03-24 11:54:12 - QuantSystem - INFO - Loading EURUSD=X from cache: cache/EURUSDX_2025Q4.parquet
2026-03-24 11:54:12 - QuantSystem - INFO - Fetching Stooq data for ^SPX from 2025-10-01 to 2025-12-31
2026-03-24 11:54:12 - QuantSystem - INFO - Saved ^SPX to cache: cache/SPX_2025Q4.parquet
2026-03-24 11:54:12 - QuantSystem - INFO - Fetching Stooq data for ^SPX from 2025-10-01 to 2025-12-31
2026-03-24 11:54:12 - QuantSystem - INFO - Saved ^SPX to cache: cache/SPX_2025Q4.parquet
2026-03-24 11:54:12 - QuantSystem - INFO - Fetching Stooq data for ^NDX from 2025-10-01 to 2025-12-31
2026-03-24 11:54:13 - QuantSystem - INFO - Saved ^NDX to cache: cache/NDX_2025Q4.parquet
2026-03-24 11:54:13 - QuantSystem - INFO - Fetching Stooq data for ^STOXX50E from 2025-10-01 to 2025-12-31
2026-03-24 11:54:13 - QuantSystem - WARNING - No data returned for ^STOXX50E from Stooq
2026-03-24 11:54:13 - QuantSystem - INFO - Stooq failed for ^STOXX50E, trying yfinance fallback
2026-03-24 11:54:13 - QuantSystem - INFO - Fetching yfinance data for ^STOXX50E from 2025-10-01 to 2025-12-31
2026-03-24 11:54:14 - QuantSystem - INFO - Saved ^STOXX50E to cache: cache/STOXX50E_2025Q4.parquet
2026-03-24 11:54:14 - QuantSystem - INFO - Fetching Stooq data for ^DAX from 2025-10-01 to 2025-12-31
2026-03-24 11:54:14 - QuantSystem - INFO - Saved ^DAX to cache: cache/DAX_2025Q4.parquet
2026-03-24 11:54:14 - QuantSystem - INFO - Fetching akshare data for sh601939 from 2025-10-01 to 2025-12-31
2026-03-24 11:54:17 - QuantSystem - WARNING - stock_zh_a_hist failed for sh601939, trying fallback interfaces
2026-03-24 11:54:18 - QuantSystem - INFO - Saved sh601939 to cache: cache/sh601939_2025Q4.parquet
2026-03-24 11:54:18 - QuantSystem - INFO - Fetching akshare data for sh601288 from 2025-10-01 to 2025-12-31
2026-03-24 11:54:21 - QuantSystem - WARNING - stock_zh_a_hist failed for sh601288, trying fallback interfaces
2026-03-24 11:54:23 - QuantSystem - INFO - Saved sh601288 to cache: cache/sh601288_2025Q4.parquet
2026-03-24 11:54:23 - QuantSystem - INFO - Fetching akshare data for sh601988 from 2025-10-01 to 2025-12-31
2026-03-24 11:54:26 - QuantSystem - WARNING - stock_zh_a_hist failed for sh601988, trying fallback interfaces
2026-03-24 11:54:27 - QuantSystem - INFO - Saved sh601988 to cache: cache/sh601988_2025Q4.parquet
2026-03-24 11:54:27 - QuantSystem - INFO - Fetching akshare data for sh601398 from 2025-10-01 to 2025-12-31
2026-03-24 11:54:59 - QuantSystem - WARNING - stock_zh_a_hist failed for sh601398, trying fallback interfaces
2026-03-24 11:55:02 - QuantSystem - INFO - Saved sh601398 to cache: cache/sh601398_2025Q4.parquet
2026-03-24 11:55:02 - QuantSystem - INFO - Fetching akshare data for sz300059 from 2025-10-01 to 2025-12-31
2026-03-24 11:55:34 - QuantSystem - WARNING - stock_zh_a_hist failed for sz300059, trying fallback interfaces
2026-03-24 11:55:35 - QuantSystem - INFO - Saved sz300059 to cache: cache/sz300059_2025Q4.parquet
2026-03-24 11:55:35 - QuantSystem - INFO - Fetching Stooq data for GC.F from 2025-10-01 to 2025-12-31
2026-03-24 11:55:35 - QuantSystem - ERROR - Stooq API error for GC.F: StooqDailyReader request returned no data; check URL for invalid inputs: https://stooq.com/q/d/l/
2026-03-24 11:55:35 - QuantSystem - INFO - Stooq failed for GC.F, trying yfinance fallback
2026-03-24 11:55:35 - QuantSystem - INFO - Fetching yfinance data for GC.F from 2025-10-01 to 2025-12-31
2026-03-24 11:55:36 - QuantSystem - INFO - Primary GC.F failed, trying fallback GC=F
2026-03-24 11:55:36 - QuantSystem - INFO - Fetching Stooq data for GC=F from 2025-10-01 to 2025-12-31
2026-03-24 11:55:36 - QuantSystem - WARNING - No data returned for GC=F from Stooq
2026-03-24 11:55:36 - QuantSystem - INFO - Stooq failed for GC=F, trying yfinance fallback
2026-03-24 11:55:36 - QuantSystem - INFO - Fetching yfinance data for GC=F from 2025-10-01 to 2025-12-31
2026-03-24 11:55:36 - QuantSystem - INFO - Saved GC=F to cache: cache/GCF_2025Q4.parquet
2026-03-24 11:55:36 - QuantSystem - INFO - Fetching Stooq data for SI.F from 2025-10-01 to 2025-12-31
2026-03-24 11:55:36 - QuantSystem - ERROR - Stooq API error for SI.F: StooqDailyReader request returned no data; check URL for invalid inputs: https://stooq.com/q/d/l/
2026-03-24 11:55:36 - QuantSystem - INFO - Stooq failed for SI.F, trying yfinance fallback
2026-03-24 11:55:36 - QuantSystem - INFO - Fetching yfinance data for SI.F from 2025-10-01 to 2025-12-31
2026-03-24 11:55:38 - QuantSystem - INFO - Primary SI.F failed, trying fallback SI=F
2026-03-24 11:55:38 - QuantSystem - INFO - Fetching Stooq data for SI=F from 2025-10-01 to 2025-12-31
2026-03-24 11:55:38 - QuantSystem - INFO - Saved SI=F to cache: cache/SIF_2025Q4.parquet
2026-03-24 11:55:38 - QuantSystem - INFO - Fetching Stooq data for HG.F from 2025-10-01 to 2025-12-31
2026-03-24 11:55:38 - QuantSystem - ERROR - Stooq API error for HG.F: StooqDailyReader request returned no data; check URL for invalid inputs: https://stooq.com/q/d/l/
2026-03-24 11:55:38 - QuantSystem - INFO - Stooq failed for HG.F, trying yfinance fallback
2026-03-24 11:55:38 - QuantSystem - INFO - Fetching yfinance data for HG.F from 2025-10-01 to 2025-12-31
2026-03-24 11:55:40 - QuantSystem - INFO - Primary HG.F failed, trying fallback HG=F
2026-03-24 11:55:40 - QuantSystem - INFO - Fetching Stooq data for HG=F from 2025-10-01 to 2025-12-31
2026-03-24 11:55:40 - QuantSystem - WARNING - No data returned for HG=F from Stooq
2026-03-24 11:55:40 - QuantSystem - INFO - Stooq failed for HG=F, trying yfinance fallback
2026-03-24 11:55:40 - QuantSystem - INFO - Fetching yfinance data for HG=F from 2025-10-01 to 2025-12-31
2026-03-24 11:55:40 - QuantSystem - INFO - Saved HG=F to cache: cache/HGF_2025Q4.parquet
2026-03-24 11:55:40 - QuantSystem - INFO - HTML report generated: quarterly_analysis_report.html
2026-03-24 11:55:40 - QuantSystem - INFO - History report saved to reports/history/Q4_2025_Analysis.txt
2026-03-24 12:58:43 - QuantSystem - INFO - Configuration loaded successfully.
2026-03-24 12:58:43 - QuantSystem - INFO - Fetching FX Rates (BOC with yfinance fallback)...
2026-03-24 12:58:43 - QuantSystem - INFO - Loading USDCNY=X from cache: cache/USDCNYX_2025Q4.parquet
2026-03-24 12:58:43 - QuantSystem - INFO - Loading EURCNY=X from cache: cache/EURCNYX_2025Q4.parquet
2026-03-24 12:58:43 - QuantSystem - INFO - Loading EURUSD=X from cache: cache/EURUSDX_2025Q4.parquet
2026-03-24 12:58:43 - QuantSystem - INFO - Loading ^SPX from cache: cache/SPX_2025Q4.parquet
2026-03-24 12:58:43 - QuantSystem - INFO - Loading ^SPX from cache: cache/SPX_2025Q4.parquet
2026-03-24 12:58:43 - QuantSystem - INFO - Loading ^NDX from cache: cache/NDX_2025Q4.parquet
2026-03-24 12:58:43 - QuantSystem - INFO - Loading ^STOXX50E from cache: cache/STOXX50E_2025Q4.parquet
2026-03-24 12:58:43 - QuantSystem - INFO - Loading ^DAX from cache: cache/DAX_2025Q4.parquet
2026-03-24 12:58:43 - QuantSystem - INFO - Loading sh601939 from cache: cache/sh601939_2025Q4.parquet
2026-03-24 12:58:43 - QuantSystem - INFO - Loading sh601288 from cache: cache/sh601288_2025Q4.parquet
2026-03-24 12:58:43 - QuantSystem - INFO - Loading sh601988 from cache: cache/sh601988_2025Q4.parquet
2026-03-24 12:58:43 - QuantSystem - INFO - Loading sh601398 from cache: cache/sh601398_2025Q4.parquet
2026-03-24 12:58:43 - QuantSystem - INFO - Loading sz300059 from cache: cache/sz300059_2025Q4.parquet
2026-03-24 12:58:43 - QuantSystem - INFO - Fetching Stooq data for GC.F from 2025-10-01 to 2025-12-31
2026-03-24 12:58:43 - QuantSystem - ERROR - Stooq API error for GC.F: StooqDailyReader request returned no data; check URL for invalid inputs: https://stooq.com/q/d/l/
2026-03-24 12:58:43 - QuantSystem - INFO - Stooq failed for GC.F, trying yfinance fallback
2026-03-24 12:58:43 - QuantSystem - INFO - Fetching yfinance data for GC.F from 2025-10-01 to 2025-12-31
2026-03-24 12:58:44 - QuantSystem - INFO - Primary GC.F failed, trying fallback GC=F
2026-03-24 12:58:44 - QuantSystem - INFO - Loading GC=F from cache: cache/GCF_2025Q4.parquet
2026-03-24 12:58:44 - QuantSystem - INFO - Fetching Stooq data for SI.F from 2025-10-01 to 2025-12-31
2026-03-24 12:58:44 - QuantSystem - ERROR - Stooq API error for SI.F: StooqDailyReader request returned no data; check URL for invalid inputs: https://stooq.com/q/d/l/
2026-03-24 12:58:44 - QuantSystem - INFO - Stooq failed for SI.F, trying yfinance fallback
2026-03-24 12:58:44 - QuantSystem - INFO - Fetching yfinance data for SI.F from 2025-10-01 to 2025-12-31
2026-03-24 12:58:45 - QuantSystem - INFO - Primary SI.F failed, trying fallback SI=F
2026-03-24 12:58:45 - QuantSystem - INFO - Loading SI=F from cache: cache/SIF_2025Q4.parquet
2026-03-24 12:58:45 - QuantSystem - INFO - Fetching Stooq data for HG.F from 2025-10-01 to 2025-12-31
2026-03-24 12:58:46 - QuantSystem - ERROR - Stooq API error for HG.F: StooqDailyReader request returned no data; check URL for invalid inputs: https://stooq.com/q/d/l/
2026-03-24 12:58:46 - QuantSystem - INFO - Stooq failed for HG.F, trying yfinance fallback
2026-03-24 12:58:46 - QuantSystem - INFO - Fetching yfinance data for HG.F from 2025-10-01 to 2025-12-31
2026-03-24 12:58:47 - QuantSystem - INFO - Primary HG.F failed, trying fallback HG=F
2026-03-24 12:58:47 - QuantSystem - INFO - Loading HG=F from cache: cache/HGF_2025Q4.parquet
2026-03-24 12:58:47 - QuantSystem - INFO - HTML report generated: quarterly_analysis_report.html
2026-03-24 12:58:47 - QuantSystem - INFO - History report saved to reports/history/Q4_2025_Analysis.txt
2026-03-31 15:00:42 - QuantSystem - INFO - Configuration loaded successfully.
2026-03-31 15:00:42 - QuantSystem - INFO - Fetching FX Rates (BOC with yfinance fallback)...
2026-03-31 15:00:42 - QuantSystem - INFO - Loading USDCNY=X from cache: cache/USDCNYX_2025Q4.parquet
2026-03-31 15:00:43 - QuantSystem - INFO - Loading EURCNY=X from cache: cache/EURCNYX_2025Q4.parquet
2026-03-31 15:00:43 - QuantSystem - INFO - Loading EURUSD=X from cache: cache/EURUSDX_2025Q4.parquet
2026-03-31 15:00:43 - QuantSystem - INFO - Fetching Stooq data for ^SPX from 2025-10-01 to 2025-12-31
2026-03-31 15:00:43 - QuantSystem - ERROR - Stooq API error for ^SPX: StooqDailyReader request returned no data; check URL for invalid inputs: https://stooq.com/q/d/l/
2026-03-31 15:00:43 - QuantSystem - INFO - Stooq failed for ^SPX, trying yfinance fallback
2026-03-31 15:00:43 - QuantSystem - INFO - Fetching yfinance data for ^SPX from 2025-10-01 to 2025-12-31
2026-03-31 15:00:45 - QuantSystem - INFO - Saved ^SPX to cache: cache/SPX_2025Q4.parquet
2026-03-31 15:00:45 - QuantSystem - INFO - Fetching Stooq data for ^SPX from 2025-10-01 to 2025-12-31
2026-03-31 15:00:45 - QuantSystem - ERROR - Stooq API error for ^SPX: StooqDailyReader request returned no data; check URL for invalid inputs: https://stooq.com/q/d/l/
2026-03-31 15:00:45 - QuantSystem - INFO - Stooq failed for ^SPX, trying yfinance fallback
2026-03-31 15:00:45 - QuantSystem - INFO - Fetching yfinance data for ^SPX from 2025-10-01 to 2025-12-31
2026-03-31 15:00:45 - QuantSystem - INFO - Saved ^SPX to cache: cache/SPX_2025Q4.parquet
2026-03-31 15:00:45 - QuantSystem - INFO - Fetching Stooq data for ^NDX from 2025-10-01 to 2025-12-31
2026-03-31 15:00:45 - QuantSystem - ERROR - Stooq API error for ^NDX: StooqDailyReader request returned no data; check URL for invalid inputs: https://stooq.com/q/d/l/
2026-03-31 15:00:45 - QuantSystem - INFO - Stooq failed for ^NDX, trying yfinance fallback
2026-03-31 15:00:45 - QuantSystem - INFO - Fetching yfinance data for ^NDX from 2025-10-01 to 2025-12-31
2026-03-31 15:00:46 - QuantSystem - INFO - Saved ^NDX to cache: cache/NDX_2025Q4.parquet
2026-03-31 15:00:46 - QuantSystem - INFO - Fetching Stooq data for ^STOXX50E from 2025-10-01 to 2025-12-31
2026-03-31 15:00:46 - QuantSystem - ERROR - Stooq API error for ^STOXX50E: StooqDailyReader request returned no data; check URL for invalid inputs: https://stooq.com/q/d/l/
2026-03-31 15:00:46 - QuantSystem - INFO - Stooq failed for ^STOXX50E, trying yfinance fallback
2026-03-31 15:00:46 - QuantSystem - INFO - Fetching yfinance data for ^STOXX50E from 2025-10-01 to 2025-12-31
2026-03-31 15:00:46 - QuantSystem - INFO - Saved ^STOXX50E to cache: cache/STOXX50E_2025Q4.parquet
2026-03-31 15:00:46 - QuantSystem - INFO - Fetching Stooq data for ^DAX from 2025-10-01 to 2025-12-31
2026-03-31 15:00:46 - QuantSystem - ERROR - Stooq API error for ^DAX: StooqDailyReader request returned no data; check URL for invalid inputs: https://stooq.com/q/d/l/
2026-03-31 15:00:46 - QuantSystem - INFO - Stooq failed for ^DAX, trying yfinance fallback
2026-03-31 15:00:46 - QuantSystem - INFO - Fetching yfinance data for ^DAX from 2025-10-01 to 2025-12-31
2026-03-31 15:00:47 - QuantSystem - INFO - Fetching akshare data for sh601939 from 2025-10-01 to 2025-12-31
2026-03-31 15:00:56 - QuantSystem - INFO - Saved sh601939 to cache: cache/sh601939_2025Q4.parquet
2026-03-31 15:00:56 - QuantSystem - INFO - Fetching akshare data for sh601288 from 2025-10-01 to 2025-12-31
2026-03-31 15:00:58 - QuantSystem - WARNING - stock_zh_a_hist failed for sh601288, trying fallback interfaces
2026-03-31 15:01:02 - QuantSystem - INFO - Saved sh601288 to cache: cache/sh601288_2025Q4.parquet
2026-03-31 15:01:02 - QuantSystem - INFO - Fetching akshare data for sh601988 from 2025-10-01 to 2025-12-31
2026-03-31 15:01:06 - QuantSystem - WARNING - stock_zh_a_hist failed for sh601988, trying fallback interfaces
2026-03-31 15:01:08 - QuantSystem - INFO - Saved sh601988 to cache: cache/sh601988_2025Q4.parquet
2026-03-31 15:01:08 - QuantSystem - INFO - Fetching akshare data for sh601398 from 2025-10-01 to 2025-12-31
2026-03-31 15:01:11 - QuantSystem - WARNING - stock_zh_a_hist failed for sh601398, trying fallback interfaces
2026-03-31 15:01:13 - QuantSystem - INFO - Saved sh601398 to cache: cache/sh601398_2025Q4.parquet
2026-03-31 15:01:13 - QuantSystem - INFO - Fetching akshare data for sz300059 from 2025-10-01 to 2025-12-31
2026-03-31 15:01:16 - QuantSystem - WARNING - stock_zh_a_hist failed for sz300059, trying fallback interfaces
2026-03-31 15:01:18 - QuantSystem - INFO - Saved sz300059 to cache: cache/sz300059_2025Q4.parquet
2026-03-31 15:01:18 - QuantSystem - INFO - Fetching Stooq data for GC.F from 2025-10-01 to 2025-12-31
2026-03-31 15:01:18 - QuantSystem - ERROR - Stooq API error for GC.F: StooqDailyReader request returned no data; check URL for invalid inputs: https://stooq.com/q/d/l/
2026-03-31 15:01:18 - QuantSystem - INFO - Stooq failed for GC.F, trying yfinance fallback
2026-03-31 15:01:18 - QuantSystem - INFO - Fetching yfinance data for GC.F from 2025-10-01 to 2025-12-31
2026-03-31 15:01:18 - QuantSystem - INFO - Primary GC.F failed, trying fallback GC=F
2026-03-31 15:01:18 - QuantSystem - INFO - Fetching yfinance data for GC=F from 2025-10-01 to 2025-12-31
2026-03-31 15:01:18 - QuantSystem - INFO - Saved GC=F to cache: cache/GCF_2025Q4.parquet
2026-03-31 15:01:18 - QuantSystem - INFO - Fetching Stooq data for SI.F from 2025-10-01 to 2025-12-31
2026-03-31 15:01:19 - QuantSystem - ERROR - Stooq API error for SI.F: StooqDailyReader request returned no data; check URL for invalid inputs: https://stooq.com/q/d/l/
2026-03-31 15:01:19 - QuantSystem - INFO - Stooq failed for SI.F, trying yfinance fallback
2026-03-31 15:01:19 - QuantSystem - INFO - Fetching yfinance data for SI.F from 2025-10-01 to 2025-12-31
2026-03-31 15:01:20 - QuantSystem - INFO - Primary SI.F failed, trying fallback SI=F
2026-03-31 15:01:20 - QuantSystem - INFO - Fetching yfinance data for SI=F from 2025-10-01 to 2025-12-31
2026-03-31 15:01:20 - QuantSystem - INFO - Saved SI=F to cache: cache/SIF_2025Q4.parquet
2026-03-31 15:01:20 - QuantSystem - INFO - Fetching Stooq data for HG.F from 2025-10-01 to 2025-12-31
2026-03-31 15:01:20 - QuantSystem - ERROR - Stooq API error for HG.F: StooqDailyReader request returned no data; check URL for invalid inputs: https://stooq.com/q/d/l/
2026-03-31 15:01:20 - QuantSystem - INFO - Stooq failed for HG.F, trying yfinance fallback
2026-03-31 15:01:20 - QuantSystem - INFO - Fetching yfinance data for HG.F from 2025-10-01 to 2025-12-31
2026-03-31 15:01:22 - QuantSystem - INFO - Primary HG.F failed, trying fallback HG=F
2026-03-31 15:01:22 - QuantSystem - INFO - Fetching yfinance data for HG=F from 2025-10-01 to 2025-12-31
2026-03-31 15:01:22 - QuantSystem - INFO - Saved HG=F to cache: cache/HGF_2025Q4.parquet
2026-03-31 15:01:22 - QuantSystem - INFO - Fetching yfinance data for BZ=F from 2025-10-01 to 2025-12-31
2026-03-31 15:01:22 - QuantSystem - INFO - Saved BZ=F to cache: cache/BZF_2025Q4.parquet
2026-03-31 15:01:22 - QuantSystem - INFO - Fetching yfinance data for CL=F from 2025-10-01 to 2025-12-31
2026-03-31 15:01:23 - QuantSystem - INFO - Saved CL=F to cache: cache/CLF_2025Q4.parquet
2026-03-31 15:01:23 - QuantSystem - INFO - Fetching akshare data for SC0 from 2025-10-01 to 2025-12-31
2026-03-31 15:01:24 - QuantSystem - INFO - Fetching yfinance data for SC=F from 2025-10-01 to 2025-12-31
2026-03-31 15:01:25 - QuantSystem - INFO - HTML report generated: quarterly_analysis_report.html
2026-03-31 15:01:25 - QuantSystem - INFO - History report saved to reports/history/Q4_2025_Analysis.txt
2026-03-31 15:03:10 - QuantSystem - INFO - Configuration loaded successfully.
2026-03-31 15:03:10 - QuantSystem - INFO - Fetching FX Rates (BOC with yfinance fallback)...
2026-03-31 15:03:10 - QuantSystem - INFO - Loading USDCNY=X from cache: cache/USDCNYX_2025Q4.parquet
2026-03-31 15:03:10 - QuantSystem - INFO - Loading EURCNY=X from cache: cache/EURCNYX_2025Q4.parquet
2026-03-31 15:03:10 - QuantSystem - INFO - Loading EURUSD=X from cache: cache/EURUSDX_2025Q4.parquet
2026-03-31 15:03:10 - QuantSystem - INFO - Fetching Stooq data for ^SPX from 2022-12-31 to 2025-12-31
2026-03-31 15:03:10 - QuantSystem - ERROR - Stooq API error for ^SPX: StooqDailyReader request returned no data; check URL for invalid inputs: https://stooq.com/q/d/l/
2026-03-31 15:03:10 - QuantSystem - INFO - Stooq failed for ^SPX, trying yfinance fallback
2026-03-31 15:03:10 - QuantSystem - INFO - Fetching yfinance data for ^SPX from 2022-12-31 to 2025-12-31
2026-03-31 15:03:11 - QuantSystem - INFO - Saved ^SPX to cache: cache/SPX_2025Q4.parquet
2026-03-31 15:03:11 - QuantSystem - INFO - Fetching Stooq data for ^SPX from 2022-12-31 to 2025-12-31
2026-03-31 15:03:11 - QuantSystem - ERROR - Stooq API error for ^SPX: StooqDailyReader request returned no data; check URL for invalid inputs: https://stooq.com/q/d/l/
2026-03-31 15:03:11 - QuantSystem - INFO - Stooq failed for ^SPX, trying yfinance fallback
2026-03-31 15:03:11 - QuantSystem - INFO - Fetching yfinance data for ^SPX from 2022-12-31 to 2025-12-31
2026-03-31 15:03:11 - QuantSystem - INFO - Saved ^SPX to cache: cache/SPX_2025Q4.parquet
2026-03-31 15:03:11 - QuantSystem - INFO - Fetching Stooq data for ^NDX from 2022-12-31 to 2025-12-31
2026-03-31 15:03:11 - QuantSystem - ERROR - Stooq API error for ^NDX: StooqDailyReader request returned no data; check URL for invalid inputs: https://stooq.com/q/d/l/
2026-03-31 15:03:11 - QuantSystem - INFO - Stooq failed for ^NDX, trying yfinance fallback
2026-03-31 15:03:11 - QuantSystem - INFO - Fetching yfinance data for ^NDX from 2022-12-31 to 2025-12-31
2026-03-31 15:03:12 - QuantSystem - INFO - Saved ^NDX to cache: cache/NDX_2025Q4.parquet
2026-03-31 15:03:12 - QuantSystem - INFO - Fetching Stooq data for ^STOXX50E from 2022-12-31 to 2025-12-31
2026-03-31 15:03:12 - QuantSystem - ERROR - Stooq API error for ^STOXX50E: StooqDailyReader request returned no data; check URL for invalid inputs: https://stooq.com/q/d/l/
2026-03-31 15:03:12 - QuantSystem - INFO - Stooq failed for ^STOXX50E, trying yfinance fallback
2026-03-31 15:03:12 - QuantSystem - INFO - Fetching yfinance data for ^STOXX50E from 2022-12-31 to 2025-12-31
2026-03-31 15:03:12 - QuantSystem - INFO - Saved ^STOXX50E to cache: cache/STOXX50E_2025Q4.parquet
2026-03-31 15:03:12 - QuantSystem - INFO - Fetching Stooq data for ^DAX from 2022-12-31 to 2025-12-31
2026-03-31 15:03:12 - QuantSystem - ERROR - Stooq API error for ^DAX: StooqDailyReader request returned no data; check URL for invalid inputs: https://stooq.com/q/d/l/
2026-03-31 15:03:12 - QuantSystem - INFO - Stooq failed for ^DAX, trying yfinance fallback
2026-03-31 15:03:12 - QuantSystem - INFO - Fetching yfinance data for ^DAX from 2022-12-31 to 2025-12-31
2026-03-31 15:03:13 - QuantSystem - INFO - Fetching akshare data for sh601939 from 2022-12-31 to 2025-12-31
2026-03-31 15:03:16 - QuantSystem - WARNING - stock_zh_a_hist failed for sh601939, trying fallback interfaces
2026-03-31 15:03:21 - QuantSystem - INFO - Saved sh601939 to cache: cache/sh601939_2025Q4.parquet
2026-03-31 15:03:21 - QuantSystem - INFO - Fetching akshare data for sh601288 from 2022-12-31 to 2025-12-31
2026-03-31 15:03:23 - QuantSystem - WARNING - stock_zh_a_hist failed for sh601288, trying fallback interfaces
2026-03-31 15:03:25 - QuantSystem - INFO - Saved sh601288 to cache: cache/sh601288_2025Q4.parquet
2026-03-31 15:03:25 - QuantSystem - INFO - Fetching akshare data for sh601988 from 2022-12-31 to 2025-12-31
2026-03-31 15:03:27 - QuantSystem - WARNING - stock_zh_a_hist failed for sh601988, trying fallback interfaces
2026-03-31 15:03:29 - QuantSystem - INFO - Saved sh601988 to cache: cache/sh601988_2025Q4.parquet
2026-03-31 15:03:29 - QuantSystem - INFO - Fetching akshare data for sh601398 from 2022-12-31 to 2025-12-31
2026-03-31 15:03:32 - QuantSystem - WARNING - stock_zh_a_hist failed for sh601398, trying fallback interfaces
2026-03-31 15:03:34 - QuantSystem - INFO - Saved sh601398 to cache: cache/sh601398_2025Q4.parquet
2026-03-31 15:03:34 - QuantSystem - INFO - Fetching akshare data for sz300059 from 2022-12-31 to 2025-12-31
2026-03-31 15:03:36 - QuantSystem - WARNING - stock_zh_a_hist failed for sz300059, trying fallback interfaces
2026-03-31 15:03:38 - QuantSystem - INFO - Saved sz300059 to cache: cache/sz300059_2025Q4.parquet
2026-03-31 15:03:38 - QuantSystem - INFO - Fetching Stooq data for GC.F from 2022-12-31 to 2025-12-31
2026-03-31 15:03:38 - QuantSystem - ERROR - Stooq API error for GC.F: StooqDailyReader request returned no data; check URL for invalid inputs: https://stooq.com/q/d/l/
2026-03-31 15:03:38 - QuantSystem - INFO - Stooq failed for GC.F, trying yfinance fallback
2026-03-31 15:03:38 - QuantSystem - INFO - Fetching yfinance data for GC.F from 2022-12-31 to 2025-12-31
2026-03-31 15:03:39 - QuantSystem - INFO - Primary GC.F failed, trying fallback GC=F
2026-03-31 15:03:39 - QuantSystem - INFO - Fetching yfinance data for GC=F from 2022-12-31 to 2025-12-31
2026-03-31 15:03:39 - QuantSystem - INFO - Saved GC=F to cache: cache/GCF_2025Q4.parquet
2026-03-31 15:03:39 - QuantSystem - INFO - Fetching Stooq data for SI.F from 2022-12-31 to 2025-12-31
2026-03-31 15:03:39 - QuantSystem - ERROR - Stooq API error for SI.F: StooqDailyReader request returned no data; check URL for invalid inputs: https://stooq.com/q/d/l/
2026-03-31 15:03:39 - QuantSystem - INFO - Stooq failed for SI.F, trying yfinance fallback
2026-03-31 15:03:39 - QuantSystem - INFO - Fetching yfinance data for SI.F from 2022-12-31 to 2025-12-31
2026-03-31 15:03:41 - QuantSystem - INFO - Primary SI.F failed, trying fallback SI=F
2026-03-31 15:03:41 - QuantSystem - INFO - Fetching yfinance data for SI=F from 2022-12-31 to 2025-12-31
2026-03-31 15:03:41 - QuantSystem - INFO - Saved SI=F to cache: cache/SIF_2025Q4.parquet
2026-03-31 15:03:41 - QuantSystem - INFO - Fetching Stooq data for HG.F from 2022-12-31 to 2025-12-31
2026-03-31 15:03:41 - QuantSystem - ERROR - Stooq API error for HG.F: StooqDailyReader request returned no data; check URL for invalid inputs: https://stooq.com/q/d/l/
2026-03-31 15:03:41 - QuantSystem - INFO - Stooq failed for HG.F, trying yfinance fallback
2026-03-31 15:03:41 - QuantSystem - INFO - Fetching yfinance data for HG.F from 2022-12-31 to 2025-12-31
2026-03-31 15:03:43 - QuantSystem - INFO - Primary HG.F failed, trying fallback HG=F
2026-03-31 15:03:43 - QuantSystem - INFO - Fetching yfinance data for HG=F from 2022-12-31 to 2025-12-31
2026-03-31 15:03:43 - QuantSystem - INFO - Saved HG=F to cache: cache/HGF_2025Q4.parquet
2026-03-31 15:03:43 - QuantSystem - INFO - Fetching yfinance data for BZ=F from 2022-12-31 to 2025-12-31
2026-03-31 15:03:43 - QuantSystem - INFO - Saved BZ=F to cache: cache/BZF_2025Q4.parquet
2026-03-31 15:03:43 - QuantSystem - INFO - Fetching yfinance data for CL=F from 2022-12-31 to 2025-12-31
2026-03-31 15:03:44 - QuantSystem - INFO - Saved CL=F to cache: cache/CLF_2025Q4.parquet
2026-03-31 15:03:44 - QuantSystem - INFO - Fetching akshare data for SC0 from 2022-12-31 to 2025-12-31
2026-03-31 15:03:47 - QuantSystem - INFO - Saved SC0 to cache: cache/SC0_2025Q4.parquet
2026-03-31 15:03:47 - QuantSystem - INFO - HTML report generated: quarterly_analysis_report.html
2026-03-31 15:03:47 - QuantSystem - INFO - History report saved to reports/history/Q4_2025_Analysis.txt
2026-03-31 15:08:56 - QuantSystem - INFO - Configuration loaded successfully.
2026-03-31 15:08:56 - QuantSystem - INFO - Fetching FX Rates (BOC with yfinance fallback)...
2026-03-31 15:08:56 - QuantSystem - INFO - Loading USDCNY=X from cache: cache/USDCNYX_2025Q4.parquet
2026-03-31 15:08:56 - QuantSystem - INFO - Loading EURCNY=X from cache: cache/EURCNYX_2025Q4.parquet
2026-03-31 15:08:56 - QuantSystem - INFO - Loading EURUSD=X from cache: cache/EURUSDX_2025Q4.parquet
2026-03-31 15:08:56 - QuantSystem - INFO - Loading ^SPX from cache: cache/SPX_2025Q4.parquet
2026-03-31 15:08:56 - QuantSystem - INFO - Loading ^SPX from cache: cache/SPX_2025Q4.parquet
2026-03-31 15:08:56 - QuantSystem - INFO - Loading ^NDX from cache: cache/NDX_2025Q4.parquet
2026-03-31 15:08:56 - QuantSystem - INFO - Loading ^STOXX50E from cache: cache/STOXX50E_2025Q4.parquet
2026-03-31 15:08:56 - QuantSystem - INFO - Loading ^DAX from cache: cache/DAX_2025Q4.parquet
2026-03-31 15:08:56 - QuantSystem - INFO - Loading sh601939 from cache: cache/sh601939_2025Q4.parquet
2026-03-31 15:08:56 - QuantSystem - INFO - Loading sh601288 from cache: cache/sh601288_2025Q4.parquet
2026-03-31 15:08:56 - QuantSystem - INFO - Loading sh601988 from cache: cache/sh601988_2025Q4.parquet
2026-03-31 15:08:56 - QuantSystem - INFO - Loading sh601398 from cache: cache/sh601398_2025Q4.parquet
2026-03-31 15:08:56 - QuantSystem - INFO - Loading sz300059 from cache: cache/sz300059_2025Q4.parquet
2026-03-31 15:08:56 - QuantSystem - INFO - Fetching Stooq data for GC.F from 2022-12-31 to 2025-12-31
2026-03-31 15:08:57 - QuantSystem - ERROR - Stooq API error for GC.F: StooqDailyReader request returned no data; check URL for invalid inputs: https://stooq.com/q/d/l/
2026-03-31 15:08:57 - QuantSystem - INFO - Stooq failed for GC.F, trying yfinance fallback
2026-03-31 15:08:57 - QuantSystem - INFO - Fetching yfinance data for GC.F from 2022-12-31 to 2025-12-31
2026-03-31 15:08:57 - QuantSystem - INFO - Primary GC.F failed, trying fallback GC=F
2026-03-31 15:08:57 - QuantSystem - INFO - Loading GC=F from cache: cache/GCF_2025Q4.parquet
2026-03-31 15:08:57 - QuantSystem - INFO - Fetching Stooq data for SI.F from 2022-12-31 to 2025-12-31
2026-03-31 15:08:57 - QuantSystem - ERROR - Stooq API error for SI.F: StooqDailyReader request returned no data; check URL for invalid inputs: https://stooq.com/q/d/l/
2026-03-31 15:08:57 - QuantSystem - INFO - Stooq failed for SI.F, trying yfinance fallback
2026-03-31 15:08:57 - QuantSystem - INFO - Fetching yfinance data for SI.F from 2022-12-31 to 2025-12-31
2026-03-31 15:08:59 - QuantSystem - INFO - Primary SI.F failed, trying fallback SI=F
2026-03-31 15:08:59 - QuantSystem - INFO - Loading SI=F from cache: cache/SIF_2025Q4.parquet
2026-03-31 15:08:59 - QuantSystem - INFO - Fetching Stooq data for HG.F from 2022-12-31 to 2025-12-31
2026-03-31 15:08:59 - QuantSystem - ERROR - Stooq API error for HG.F: StooqDailyReader request returned no data; check URL for invalid inputs: https://stooq.com/q/d/l/
2026-03-31 15:08:59 - QuantSystem - INFO - Stooq failed for HG.F, trying yfinance fallback
2026-03-31 15:08:59 - QuantSystem - INFO - Fetching yfinance data for HG.F from 2022-12-31 to 2025-12-31
2026-03-31 15:09:01 - QuantSystem - INFO - Primary HG.F failed, trying fallback HG=F
2026-03-31 15:09:01 - QuantSystem - INFO - Loading HG=F from cache: cache/HGF_2025Q4.parquet
2026-03-31 15:09:01 - QuantSystem - INFO - Loading BZ=F from cache: cache/BZF_2025Q4.parquet
2026-03-31 15:09:01 - QuantSystem - INFO - Loading CL=F from cache: cache/CLF_2025Q4.parquet
2026-03-31 15:09:01 - QuantSystem - INFO - Loading SC0 from cache: cache/SC0_2025Q4.parquet
2026-03-31 15:09:01 - QuantSystem - INFO - HTML report generated: quarterly_analysis_report.html
2026-03-31 15:09:01 - QuantSystem - INFO - History report saved to reports/history/Q4_2025_Analysis.txt
2026-03-31 15:15:04 - QuantSystem - INFO - Configuration loaded successfully.
2026-03-31 15:15:04 - QuantSystem - INFO - Fetching FX Rates (BOC with yfinance fallback)...
2026-03-31 15:15:04 - QuantSystem - INFO - Loading USDCNY=X from cache: cache/USDCNYX_2025Q4.parquet
2026-03-31 15:15:04 - QuantSystem - INFO - Loading EURCNY=X from cache: cache/EURCNYX_2025Q4.parquet
2026-03-31 15:15:04 - QuantSystem - INFO - Loading EURUSD=X from cache: cache/EURUSDX_2025Q4.parquet
2026-03-31 15:15:04 - QuantSystem - INFO - Loading ^SPX from cache: cache/SPX_2025Q4.parquet
2026-03-31 15:15:04 - QuantSystem - INFO - Loading ^SPX from cache: cache/SPX_2025Q4.parquet
2026-03-31 15:15:04 - QuantSystem - INFO - Loading ^NDX from cache: cache/NDX_2025Q4.parquet
2026-03-31 15:15:04 - QuantSystem - INFO - Loading ^STOXX50E from cache: cache/STOXX50E_2025Q4.parquet
2026-03-31 15:15:04 - QuantSystem - INFO - Loading ^DAX from cache: cache/DAX_2025Q4.parquet
2026-03-31 15:15:04 - QuantSystem - INFO - Loading sh601939 from cache: cache/sh601939_2025Q4.parquet
2026-03-31 15:15:04 - QuantSystem - INFO - Loading sh601288 from cache: cache/sh601288_2025Q4.parquet
2026-03-31 15:15:04 - QuantSystem - INFO - Loading sh601988 from cache: cache/sh601988_2025Q4.parquet
2026-03-31 15:15:04 - QuantSystem - INFO - Loading sh601398 from cache: cache/sh601398_2025Q4.parquet
2026-03-31 15:15:04 - QuantSystem - INFO - Loading sz300059 from cache: cache/sz300059_2025Q4.parquet
2026-03-31 15:15:04 - QuantSystem - INFO - Fetching Stooq data for GC.F from 2022-12-31 to 2025-12-31
2026-03-31 15:15:05 - QuantSystem - ERROR - Stooq API error for GC.F: StooqDailyReader request returned no data; check URL for invalid inputs: https://stooq.com/q/d/l/
2026-03-31 15:15:05 - QuantSystem - INFO - Stooq failed for GC.F, trying yfinance fallback
2026-03-31 15:15:05 - QuantSystem - INFO - Fetching yfinance data for GC.F from 2022-12-31 to 2025-12-31
2026-03-31 15:15:05 - QuantSystem - INFO - Primary GC.F failed, trying fallback GC=F
2026-03-31 15:15:05 - QuantSystem - INFO - Loading GC=F from cache: cache/GCF_2025Q4.parquet
2026-03-31 15:15:05 - QuantSystem - INFO - Fetching Stooq data for SI.F from 2022-12-31 to 2025-12-31
2026-03-31 15:15:06 - QuantSystem - ERROR - Stooq API error for SI.F: StooqDailyReader request returned no data; check URL for invalid inputs: https://stooq.com/q/d/l/
2026-03-31 15:15:06 - QuantSystem - INFO - Stooq failed for SI.F, trying yfinance fallback
2026-03-31 15:15:06 - QuantSystem - INFO - Fetching yfinance data for SI.F from 2022-12-31 to 2025-12-31
2026-03-31 15:15:07 - QuantSystem - INFO - Primary SI.F failed, trying fallback SI=F
2026-03-31 15:15:07 - QuantSystem - INFO - Loading SI=F from cache: cache/SIF_2025Q4.parquet
2026-03-31 15:15:07 - QuantSystem - INFO - Fetching Stooq data for HG.F from 2022-12-31 to 2025-12-31
2026-03-31 15:15:07 - QuantSystem - ERROR - Stooq API error for HG.F: StooqDailyReader request returned no data; check URL for invalid inputs: https://stooq.com/q/d/l/
2026-03-31 15:15:07 - QuantSystem - INFO - Stooq failed for HG.F, trying yfinance fallback
2026-03-31 15:15:07 - QuantSystem - INFO - Fetching yfinance data for HG.F from 2022-12-31 to 2025-12-31
2026-03-31 15:15:09 - QuantSystem - INFO - Primary HG.F failed, trying fallback HG=F
2026-03-31 15:15:09 - QuantSystem - INFO - Loading HG=F from cache: cache/HGF_2025Q4.parquet
2026-03-31 15:15:09 - QuantSystem - INFO - Loading BZ=F from cache: cache/BZF_2025Q4.parquet
2026-03-31 15:15:09 - QuantSystem - INFO - Loading CL=F from cache: cache/CLF_2025Q4.parquet
2026-03-31 15:15:09 - QuantSystem - INFO - Loading SC0 from cache: cache/SC0_2025Q4.parquet
2026-03-31 15:15:09 - QuantSystem - INFO - HTML report generated: quarterly_analysis_report.html
2026-03-31 15:15:09 - QuantSystem - INFO - History report saved to reports/history/Q4_2025_Analysis.txt
2026-03-31 15:47:41 - QuantSystem - INFO - Configuration loaded successfully.
2026-03-31 15:47:41 - QuantSystem - INFO - Fetching FX Rates (BOC with yfinance fallback)...
2026-03-31 15:47:41 - QuantSystem - INFO - Loading USDCNY=X from cache: cache/USDCNYX_2025Q4.parquet
2026-03-31 15:47:41 - QuantSystem - INFO - Cache for USDCNY=X does not cover lookback window; refetching.
2026-03-31 15:47:41 - QuantSystem - INFO - Fetching yfinance data for USDCNY=X from 2022-12-31 to 2025-12-31
2026-03-31 15:47:42 - QuantSystem - INFO - Saved USDCNY=X to cache: cache/USDCNYX_2025Q4.parquet
2026-03-31 15:47:42 - QuantSystem - INFO - Loading EURCNY=X from cache: cache/EURCNYX_2025Q4.parquet
2026-03-31 15:47:42 - QuantSystem - INFO - Cache for EURCNY=X does not cover lookback window; refetching.
2026-03-31 15:47:42 - QuantSystem - INFO - Fetching yfinance data for EURCNY=X from 2022-12-31 to 2025-12-31
2026-03-31 15:47:42 - QuantSystem - INFO - Saved EURCNY=X to cache: cache/EURCNYX_2025Q4.parquet
2026-03-31 15:47:42 - QuantSystem - INFO - Loading EURUSD=X from cache: cache/EURUSDX_2025Q4.parquet
2026-03-31 15:47:42 - QuantSystem - INFO - Cache for EURUSD=X does not cover lookback window; refetching.
2026-03-31 15:47:42 - QuantSystem - INFO - Fetching yfinance data for EURUSD=X from 2022-12-31 to 2025-12-31
2026-03-31 15:47:42 - QuantSystem - INFO - Saved EURUSD=X to cache: cache/EURUSDX_2025Q4.parquet
2026-03-31 15:47:42 - QuantSystem - INFO - Fetching Stooq data for ^SPX from 2022-12-31 to 2025-12-31
2026-03-31 15:47:43 - QuantSystem - ERROR - Stooq API error for ^SPX: StooqDailyReader request returned no data; check URL for invalid inputs: https://stooq.com/q/d/l/
2026-03-31 15:47:43 - QuantSystem - INFO - Stooq failed for ^SPX, trying yfinance fallback
2026-03-31 15:47:43 - QuantSystem - INFO - Fetching yfinance data for ^SPX from 2022-12-31 to 2025-12-31
2026-03-31 15:47:43 - QuantSystem - INFO - Saved ^SPX to cache: cache/SPX_2025Q4.parquet
2026-03-31 15:47:43 - QuantSystem - INFO - Fetching Stooq data for ^SPX from 2022-12-31 to 2025-12-31
2026-03-31 15:47:44 - QuantSystem - ERROR - Stooq API error for ^SPX: StooqDailyReader request returned no data; check URL for invalid inputs: https://stooq.com/q/d/l/
2026-03-31 15:47:44 - QuantSystem - INFO - Stooq failed for ^SPX, trying yfinance fallback
2026-03-31 15:47:44 - QuantSystem - INFO - Fetching yfinance data for ^SPX from 2022-12-31 to 2025-12-31
2026-03-31 15:47:44 - QuantSystem - INFO - Saved ^SPX to cache: cache/SPX_2025Q4.parquet
2026-03-31 15:47:44 - QuantSystem - INFO - Fetching Stooq data for ^NDX from 2022-12-31 to 2025-12-31
2026-03-31 15:47:45 - QuantSystem - ERROR - Stooq API error for ^NDX: StooqDailyReader request returned no data; check URL for invalid inputs: https://stooq.com/q/d/l/
2026-03-31 15:47:45 - QuantSystem - INFO - Stooq failed for ^NDX, trying yfinance fallback
2026-03-31 15:47:45 - QuantSystem - INFO - Fetching yfinance data for ^NDX from 2022-12-31 to 2025-12-31
2026-03-31 15:47:45 - QuantSystem - INFO - Saved ^NDX to cache: cache/NDX_2025Q4.parquet
2026-03-31 15:47:45 - QuantSystem - INFO - Fetching Stooq data for ^DJI from 2022-12-31 to 2025-12-31
2026-03-31 15:47:46 - QuantSystem - ERROR - Stooq API error for ^DJI: StooqDailyReader request returned no data; check URL for invalid inputs: https://stooq.com/q/d/l/
2026-03-31 15:47:46 - QuantSystem - INFO - Stooq failed for ^DJI, trying yfinance fallback
2026-03-31 15:47:46 - QuantSystem - INFO - Fetching yfinance data for ^DJI from 2022-12-31 to 2025-12-31
2026-03-31 15:47:46 - QuantSystem - INFO - Saved ^DJI to cache: cache/DJI_2025Q4.parquet
2026-03-31 15:47:46 - QuantSystem - INFO - Fetching Stooq data for ^STOXX50E from 2022-12-31 to 2025-12-31
2026-03-31 15:47:47 - QuantSystem - ERROR - Stooq API error for ^STOXX50E: StooqDailyReader request returned no data; check URL for invalid inputs: https://stooq.com/q/d/l/
2026-03-31 15:47:47 - QuantSystem - INFO - Stooq failed for ^STOXX50E, trying yfinance fallback
2026-03-31 15:47:47 - QuantSystem - INFO - Fetching yfinance data for ^STOXX50E from 2022-12-31 to 2025-12-31
2026-03-31 15:47:47 - QuantSystem - INFO - Saved ^STOXX50E to cache: cache/STOXX50E_2025Q4.parquet
2026-03-31 15:47:47 - QuantSystem - INFO - Fetching Stooq data for ^DAX from 2022-12-31 to 2025-12-31
2026-03-31 15:47:48 - QuantSystem - ERROR - Stooq API error for ^DAX: StooqDailyReader request returned no data; check URL for invalid inputs: https://stooq.com/q/d/l/
2026-03-31 15:47:48 - QuantSystem - INFO - Stooq failed for ^DAX, trying yfinance fallback
2026-03-31 15:47:48 - QuantSystem - INFO - Fetching yfinance data for ^DAX from 2022-12-31 to 2025-12-31
2026-03-31 15:47:48 - QuantSystem - INFO - Fetching akshare data for sh601939 from 2022-12-31 to 2025-12-31
2026-03-31 15:47:53 - QuantSystem - WARNING - stock_zh_a_hist failed for sh601939, trying fallback interfaces
2026-03-31 15:47:56 - QuantSystem - INFO - Saved sh601939 to cache: cache/sh601939_2025Q4.parquet
2026-03-31 15:47:56 - QuantSystem - INFO - Fetching akshare data for sh601288 from 2022-12-31 to 2025-12-31
2026-03-31 15:47:59 - QuantSystem - WARNING - stock_zh_a_hist failed for sh601288, trying fallback interfaces
2026-03-31 15:48:01 - QuantSystem - INFO - Saved sh601288 to cache: cache/sh601288_2025Q4.parquet
2026-03-31 15:48:01 - QuantSystem - INFO - Fetching akshare data for sh601988 from 2022-12-31 to 2025-12-31
2026-03-31 15:48:04 - QuantSystem - WARNING - stock_zh_a_hist failed for sh601988, trying fallback interfaces
2026-03-31 15:48:06 - QuantSystem - INFO - Saved sh601988 to cache: cache/sh601988_2025Q4.parquet
2026-03-31 15:48:06 - QuantSystem - INFO - Fetching akshare data for sh601398 from 2022-12-31 to 2025-12-31
2026-03-31 15:48:08 - QuantSystem - WARNING - stock_zh_a_hist failed for sh601398, trying fallback interfaces
2026-03-31 15:48:09 - QuantSystem - INFO - Saved sh601398 to cache: cache/sh601398_2025Q4.parquet
2026-03-31 15:48:10 - QuantSystem - INFO - Fetching akshare data for sz300059 from 2022-12-31 to 2025-12-31
2026-03-31 15:48:12 - QuantSystem - WARNING - stock_zh_a_hist failed for sz300059, trying fallback interfaces
2026-03-31 15:48:14 - QuantSystem - INFO - Saved sz300059 to cache: cache/sz300059_2025Q4.parquet
2026-03-31 15:48:14 - QuantSystem - INFO - Fetching Stooq data for GC.F from 2022-12-31 to 2025-12-31
2026-03-31 15:48:14 - QuantSystem - ERROR - Stooq API error for GC.F: StooqDailyReader request returned no data; check URL for invalid inputs: https://stooq.com/q/d/l/
2026-03-31 15:48:14 - QuantSystem - INFO - Stooq failed for GC.F, trying yfinance fallback
2026-03-31 15:48:14 - QuantSystem - INFO - Fetching yfinance data for GC.F from 2022-12-31 to 2025-12-31
2026-03-31 15:48:15 - QuantSystem - INFO - Primary GC.F failed, trying fallback GC=F
2026-03-31 15:48:15 - QuantSystem - INFO - Fetching yfinance data for GC=F from 2022-12-31 to 2025-12-31
2026-03-31 15:48:15 - QuantSystem - INFO - Saved GC=F to cache: cache/GCF_2025Q4.parquet
2026-03-31 15:48:15 - QuantSystem - INFO - Fetching Stooq data for SI.F from 2022-12-31 to 2025-12-31
2026-03-31 15:48:15 - QuantSystem - ERROR - Stooq API error for SI.F: StooqDailyReader request returned no data; check URL for invalid inputs: https://stooq.com/q/d/l/
2026-03-31 15:48:15 - QuantSystem - INFO - Stooq failed for SI.F, trying yfinance fallback
2026-03-31 15:48:15 - QuantSystem - INFO - Fetching yfinance data for SI.F from 2022-12-31 to 2025-12-31
2026-03-31 15:48:17 - QuantSystem - INFO - Primary SI.F failed, trying fallback SI=F
2026-03-31 15:48:17 - QuantSystem - INFO - Fetching yfinance data for SI=F from 2022-12-31 to 2025-12-31
2026-03-31 15:48:17 - QuantSystem - INFO - Saved SI=F to cache: cache/SIF_2025Q4.parquet
2026-03-31 15:48:17 - QuantSystem - INFO - Fetching Stooq data for HG.F from 2022-12-31 to 2025-12-31
2026-03-31 15:48:17 - QuantSystem - ERROR - Stooq API error for HG.F: StooqDailyReader request returned no data; check URL for invalid inputs: https://stooq.com/q/d/l/
2026-03-31 15:48:17 - QuantSystem - INFO - Stooq failed for HG.F, trying yfinance fallback
2026-03-31 15:48:17 - QuantSystem - INFO - Fetching yfinance data for HG.F from 2022-12-31 to 2025-12-31
2026-03-31 15:48:19 - QuantSystem - INFO - Primary HG.F failed, trying fallback HG=F
2026-03-31 15:48:19 - QuantSystem - INFO - Fetching yfinance data for HG=F from 2022-12-31 to 2025-12-31
2026-03-31 15:48:19 - QuantSystem - INFO - Saved HG=F to cache: cache/HGF_2025Q4.parquet
2026-03-31 15:48:19 - QuantSystem - INFO - Fetching yfinance data for BZ=F from 2022-12-31 to 2025-12-31
2026-03-31 15:48:19 - QuantSystem - INFO - Saved BZ=F to cache: cache/BZF_2025Q4.parquet
2026-03-31 15:48:19 - QuantSystem - INFO - HTML report generated: quarterly_analysis_report.html
2026-03-31 15:48:19 - QuantSystem - INFO - History report saved to reports/history/Q4_2025_Analysis.txt
2026-03-31 15:50:13 - QuantSystem - INFO - Configuration loaded successfully.
2026-03-31 15:50:13 - QuantSystem - INFO - Fetching FX Rates (BOC with yfinance fallback)...
2026-03-31 15:50:13 - QuantSystem - INFO - Loading USDCNY=X from cache: cache/USDCNYX_2025Q4.parquet
2026-03-31 15:50:13 - QuantSystem - INFO - Loading EURCNY=X from cache: cache/EURCNYX_2025Q4.parquet
2026-03-31 15:50:13 - QuantSystem - INFO - Loading EURUSD=X from cache: cache/EURUSDX_2025Q4.parquet
2026-03-31 15:50:13 - QuantSystem - INFO - Loading ^SPX from cache: cache/SPX_2025Q4.parquet
2026-03-31 15:50:13 - QuantSystem - INFO - Loading ^SPX from cache: cache/SPX_2025Q4.parquet
2026-03-31 15:50:13 - QuantSystem - INFO - Loading ^NDX from cache: cache/NDX_2025Q4.parquet
2026-03-31 15:50:13 - QuantSystem - INFO - Loading ^DJI from cache: cache/DJI_2025Q4.parquet
2026-03-31 15:50:13 - QuantSystem - INFO - Loading ^STOXX50E from cache: cache/STOXX50E_2025Q4.parquet
2026-03-31 15:50:13 - QuantSystem - INFO - Loading ^DAX from cache: cache/DAX_2025Q4.parquet
2026-03-31 15:50:13 - QuantSystem - INFO - Cache for ^DAX does not cover lookback window; refetching.
2026-03-31 15:50:13 - QuantSystem - INFO - Fetching Stooq data for ^DAX from 2022-12-31 to 2025-12-31
2026-03-31 15:50:13 - QuantSystem - ERROR - Stooq API error for ^DAX: StooqDailyReader request returned no data; check URL for invalid inputs: https://stooq.com/q/d/l/
2026-03-31 15:50:13 - QuantSystem - INFO - Stooq failed for ^DAX, trying yfinance fallback
2026-03-31 15:50:13 - QuantSystem - INFO - Fetching yfinance data for ^DAX from 2022-12-31 to 2025-12-31
2026-03-31 15:50:14 - QuantSystem - INFO - Loading sh601939 from cache: cache/sh601939_2025Q4.parquet
2026-03-31 15:50:15 - QuantSystem - INFO - Loading sh601288 from cache: cache/sh601288_2025Q4.parquet
2026-03-31 15:50:15 - QuantSystem - INFO - Loading sh601988 from cache: cache/sh601988_2025Q4.parquet
2026-03-31 15:50:15 - QuantSystem - INFO - Loading sh601398 from cache: cache/sh601398_2025Q4.parquet
2026-03-31 15:50:15 - QuantSystem - INFO - Loading sz300059 from cache: cache/sz300059_2025Q4.parquet
2026-03-31 15:50:15 - QuantSystem - INFO - Fetching Stooq data for GC.F from 2022-12-31 to 2025-12-31
2026-03-31 15:50:15 - QuantSystem - ERROR - Stooq API error for GC.F: StooqDailyReader request returned no data; check URL for invalid inputs: https://stooq.com/q/d/l/
2026-03-31 15:50:15 - QuantSystem - INFO - Stooq failed for GC.F, trying yfinance fallback
2026-03-31 15:50:15 - QuantSystem - INFO - Fetching yfinance data for GC.F from 2022-12-31 to 2025-12-31
2026-03-31 15:50:15 - QuantSystem - INFO - Primary GC.F failed, trying fallback GC=F
2026-03-31 15:50:15 - QuantSystem - INFO - Loading GC=F from cache: cache/GCF_2025Q4.parquet
2026-03-31 15:50:15 - QuantSystem - INFO - Fetching Stooq data for SI.F from 2022-12-31 to 2025-12-31
2026-03-31 15:50:15 - QuantSystem - ERROR - Stooq API error for SI.F: StooqDailyReader request returned no data; check URL for invalid inputs: https://stooq.com/q/d/l/
2026-03-31 15:50:15 - QuantSystem - INFO - Stooq failed for SI.F, trying yfinance fallback
2026-03-31 15:50:15 - QuantSystem - INFO - Fetching yfinance data for SI.F from 2022-12-31 to 2025-12-31
2026-03-31 15:50:17 - QuantSystem - INFO - Primary SI.F failed, trying fallback SI=F
2026-03-31 15:50:17 - QuantSystem - INFO - Loading SI=F from cache: cache/SIF_2025Q4.parquet
2026-03-31 15:50:17 - QuantSystem - INFO - Fetching Stooq data for HG.F from 2022-12-31 to 2025-12-31
2026-03-31 15:50:17 - QuantSystem - ERROR - Stooq API error for HG.F: StooqDailyReader request returned no data; check URL for invalid inputs: https://stooq.com/q/d/l/
2026-03-31 15:50:17 - QuantSystem - INFO - Stooq failed for HG.F, trying yfinance fallback
2026-03-31 15:50:17 - QuantSystem - INFO - Fetching yfinance data for HG.F from 2022-12-31 to 2025-12-31
2026-03-31 15:50:19 - QuantSystem - INFO - Primary HG.F failed, trying fallback HG=F
2026-03-31 15:50:19 - QuantSystem - INFO - Loading HG=F from cache: cache/HGF_2025Q4.parquet
2026-03-31 15:50:19 - QuantSystem - INFO - Loading BZ=F from cache: cache/BZF_2025Q4.parquet
2026-03-31 15:50:19 - QuantSystem - INFO - HTML report generated: quarterly_analysis_report.html
2026-03-31 15:50:19 - QuantSystem - INFO - History report saved to reports/history/Q4_2025_Analysis.txt
2026-03-31 16:02:46 - QuantSystem - INFO - Configuration loaded successfully.
2026-03-31 16:02:46 - QuantSystem - INFO - Fetching FX Rates (BOC with yfinance fallback)...
2026-03-31 16:02:46 - QuantSystem - INFO - Loading USDCNY=X from cache: cache/USDCNYX_2025Q4.parquet
2026-03-31 16:02:46 - QuantSystem - INFO - Loading EURCNY=X from cache: cache/EURCNYX_2025Q4.parquet
2026-03-31 16:02:46 - QuantSystem - INFO - Loading EURUSD=X from cache: cache/EURUSDX_2025Q4.parquet
2026-03-31 16:02:46 - QuantSystem - INFO - Fetching Stooq data for ^SPX from 2022-12-31 to 2025-12-31
2026-03-31 16:02:46 - QuantSystem - ERROR - Stooq API error for ^SPX: StooqDailyReader request returned no data; check URL for invalid inputs: https://stooq.com/q/d/l/
2026-03-31 16:02:46 - QuantSystem - INFO - Stooq failed for ^SPX, trying yfinance fallback
2026-03-31 16:02:46 - QuantSystem - INFO - Fetching yfinance data for ^SPX from 2022-12-31 to 2025-12-31
2026-03-31 16:02:47 - QuantSystem - INFO - Saved ^SPX to cache: cache/SPX_2025Q4.parquet
2026-03-31 16:02:47 - QuantSystem - INFO - Fetching Stooq data for ^SPX from 2022-12-31 to 2025-12-31
2026-03-31 16:02:47 - QuantSystem - ERROR - Stooq API error for ^SPX: StooqDailyReader request returned no data; check URL for invalid inputs: https://stooq.com/q/d/l/
2026-03-31 16:02:47 - QuantSystem - INFO - Stooq failed for ^SPX, trying yfinance fallback
2026-03-31 16:02:47 - QuantSystem - INFO - Fetching yfinance data for ^SPX from 2022-12-31 to 2025-12-31
2026-03-31 16:02:47 - QuantSystem - INFO - Saved ^SPX to cache: cache/SPX_2025Q4.parquet
2026-03-31 16:02:47 - QuantSystem - INFO - Fetching Stooq data for ^NDX from 2022-12-31 to 2025-12-31
2026-03-31 16:02:48 - QuantSystem - ERROR - Stooq API error for ^NDX: StooqDailyReader request returned no data; check URL for invalid inputs: https://stooq.com/q/d/l/
2026-03-31 16:02:48 - QuantSystem - INFO - Stooq failed for ^NDX, trying yfinance fallback
2026-03-31 16:02:48 - QuantSystem - INFO - Fetching yfinance data for ^NDX from 2022-12-31 to 2025-12-31
2026-03-31 16:02:48 - QuantSystem - INFO - Saved ^NDX to cache: cache/NDX_2025Q4.parquet
2026-03-31 16:02:48 - QuantSystem - INFO - Fetching Stooq data for ^STOXX50E from 2022-12-31 to 2025-12-31
2026-03-31 16:02:48 - QuantSystem - ERROR - Stooq API error for ^STOXX50E: StooqDailyReader request returned no data; check URL for invalid inputs: https://stooq.com/q/d/l/
2026-03-31 16:02:48 - QuantSystem - INFO - Stooq failed for ^STOXX50E, trying yfinance fallback
2026-03-31 16:02:48 - QuantSystem - INFO - Fetching yfinance data for ^STOXX50E from 2022-12-31 to 2025-12-31
2026-03-31 16:02:49 - QuantSystem - INFO - Saved ^STOXX50E to cache: cache/STOXX50E_2025Q4.parquet
2026-03-31 16:02:49 - QuantSystem - INFO - Fetching Stooq data for ^DAX from 2022-12-31 to 2025-12-31
2026-03-31 16:02:49 - QuantSystem - ERROR - Stooq API error for ^DAX: StooqDailyReader request returned no data; check URL for invalid inputs: https://stooq.com/q/d/l/
2026-03-31 16:02:49 - QuantSystem - INFO - Stooq failed for ^DAX, trying yfinance fallback
2026-03-31 16:02:49 - QuantSystem - INFO - Fetching yfinance data for ^DAX from 2022-12-31 to 2025-12-31
2026-03-31 16:02:49 - QuantSystem - INFO - Fetching akshare data for sh601939 from 2022-12-31 to 2025-12-31
2026-03-31 16:02:52 - QuantSystem - WARNING - stock_zh_a_hist failed for sh601939, trying fallback interfaces
2026-03-31 16:02:55 - QuantSystem - INFO - Saved sh601939 to cache: cache/sh601939_2025Q4.parquet
2026-03-31 16:02:55 - QuantSystem - INFO - Fetching akshare data for sh601288 from 2022-12-31 to 2025-12-31
2026-03-31 16:02:59 - QuantSystem - WARNING - stock_zh_a_hist failed for sh601288, trying fallback interfaces
2026-03-31 16:03:01 - QuantSystem - INFO - Saved sh601288 to cache: cache/sh601288_2025Q4.parquet
2026-03-31 16:03:01 - QuantSystem - INFO - Fetching akshare data for sh601988 from 2022-12-31 to 2025-12-31
2026-03-31 16:03:03 - QuantSystem - WARNING - stock_zh_a_hist failed for sh601988, trying fallback interfaces
2026-03-31 16:03:06 - QuantSystem - INFO - Saved sh601988 to cache: cache/sh601988_2025Q4.parquet
2026-03-31 16:03:06 - QuantSystem - INFO - Fetching akshare data for sh601398 from 2022-12-31 to 2025-12-31
2026-03-31 16:03:09 - QuantSystem - WARNING - stock_zh_a_hist failed for sh601398, trying fallback interfaces
2026-03-31 16:03:11 - QuantSystem - INFO - Saved sh601398 to cache: cache/sh601398_2025Q4.parquet
2026-03-31 16:03:11 - QuantSystem - INFO - Fetching akshare data for sz300059 from 2022-12-31 to 2025-12-31
2026-03-31 16:03:18 - QuantSystem - WARNING - stock_zh_a_hist failed for sz300059, trying fallback interfaces
2026-03-31 16:03:20 - QuantSystem - INFO - Saved sz300059 to cache: cache/sz300059_2025Q4.parquet
2026-03-31 16:03:20 - QuantSystem - INFO - Fetching Stooq data for GC.F from 2022-12-31 to 2025-12-31
2026-03-31 16:03:20 - QuantSystem - ERROR - Stooq API error for GC.F: StooqDailyReader request returned no data; check URL for invalid inputs: https://stooq.com/q/d/l/
2026-03-31 16:03:20 - QuantSystem - INFO - Stooq failed for GC.F, trying yfinance fallback
2026-03-31 16:03:20 - QuantSystem - INFO - Fetching yfinance data for GC.F from 2022-12-31 to 2025-12-31
2026-03-31 16:03:21 - QuantSystem - INFO - Primary GC.F failed, trying fallback GC=F
2026-03-31 16:03:21 - QuantSystem - INFO - Fetching yfinance data for GC=F from 2022-12-31 to 2025-12-31
2026-03-31 16:03:21 - QuantSystem - INFO - Saved GC=F to cache: cache/GCF_2025Q4.parquet
2026-03-31 16:03:21 - QuantSystem - INFO - Fetching Stooq data for SI.F from 2022-12-31 to 2025-12-31
2026-03-31 16:03:21 - QuantSystem - ERROR - Stooq API error for SI.F: StooqDailyReader request returned no data; check URL for invalid inputs: https://stooq.com/q/d/l/
2026-03-31 16:03:21 - QuantSystem - INFO - Stooq failed for SI.F, trying yfinance fallback
2026-03-31 16:03:21 - QuantSystem - INFO - Fetching yfinance data for SI.F from 2022-12-31 to 2025-12-31
2026-03-31 16:03:23 - QuantSystem - INFO - Primary SI.F failed, trying fallback SI=F
2026-03-31 16:03:23 - QuantSystem - INFO - Fetching yfinance data for SI=F from 2022-12-31 to 2025-12-31
2026-03-31 16:03:23 - QuantSystem - INFO - Saved SI=F to cache: cache/SIF_2025Q4.parquet
2026-03-31 16:03:23 - QuantSystem - INFO - Fetching Stooq data for HG.F from 2022-12-31 to 2025-12-31
2026-03-31 16:03:23 - QuantSystem - ERROR - Stooq API error for HG.F: StooqDailyReader request returned no data; check URL for invalid inputs: https://stooq.com/q/d/l/
2026-03-31 16:03:23 - QuantSystem - INFO - Stooq failed for HG.F, trying yfinance fallback
2026-03-31 16:03:23 - QuantSystem - INFO - Fetching yfinance data for HG.F from 2022-12-31 to 2025-12-31
2026-03-31 16:03:25 - QuantSystem - INFO - Primary HG.F failed, trying fallback HG=F
2026-03-31 16:03:25 - QuantSystem - INFO - Fetching yfinance data for HG=F from 2022-12-31 to 2025-12-31
2026-03-31 16:03:25 - QuantSystem - INFO - Saved HG=F to cache: cache/HGF_2025Q4.parquet
2026-03-31 16:03:25 - QuantSystem - INFO - Fetching yfinance data for BZ=F from 2022-12-31 to 2025-12-31
2026-03-31 16:03:26 - QuantSystem - INFO - Saved BZ=F to cache: cache/BZF_2025Q4.parquet
2026-03-31 16:03:26 - QuantSystem - INFO - HTML report generated: quarterly_analysis_report.html
2026-03-31 16:03:26 - QuantSystem - INFO - PDF report generated: quarterly_analysis_report.pdf
2026-03-31 16:03:26 - QuantSystem - INFO - History report saved to reports/history/Q4_2025_Analysis.txt
2026-03-31 16:37:34 - QuantSystem - INFO - Configuration loaded successfully.
2026-03-31 16:37:34 - QuantSystem - INFO - Fetching FX Rates (BOC with yfinance fallback)...
2026-03-31 16:37:34 - QuantSystem - INFO - Loading USDCNY=X from cache: cache/USDCNYX_2025Q4.parquet
2026-03-31 16:37:34 - QuantSystem - INFO - Loading EURCNY=X from cache: cache/EURCNYX_2025Q4.parquet
2026-03-31 16:37:34 - QuantSystem - INFO - Loading EURUSD=X from cache: cache/EURUSDX_2025Q4.parquet
2026-03-31 16:37:34 - QuantSystem - INFO - Fetching Stooq data for ^GSPC from 2022-12-31 to 2025-12-31
2026-03-31 16:37:35 - QuantSystem - ERROR - Stooq API error for ^GSPC: StooqDailyReader request returned no data; check URL for invalid inputs: https://stooq.com/q/d/l/
2026-03-31 16:37:35 - QuantSystem - INFO - Stooq failed for ^GSPC, trying yfinance fallback
2026-03-31 16:37:35 - QuantSystem - INFO - Fetching yfinance data for ^GSPC from 2022-12-31 to 2025-12-31
2026-03-31 16:37:35 - QuantSystem - INFO - Saved ^GSPC to cache: cache/GSPC_2025Q4.parquet
2026-03-31 16:37:35 - QuantSystem - INFO - Fetching yfinance data for ^GSPC from 2022-12-31 to 2025-12-31
2026-03-31 16:37:35 - QuantSystem - INFO - Saved ^GSPC to cache: cache/GSPC_2025Q4.parquet
2026-03-31 16:37:35 - QuantSystem - INFO - Fetching yfinance data for ^NDX from 2022-12-31 to 2025-12-31
2026-03-31 16:37:35 - QuantSystem - INFO - Saved ^NDX to cache: cache/NDX_2025Q4.parquet
2026-03-31 16:37:35 - QuantSystem - INFO - Fetching yfinance data for ^STOXX50E from 2022-12-31 to 2025-12-31
2026-03-31 16:37:36 - QuantSystem - INFO - Saved ^STOXX50E to cache: cache/STOXX50E_2025Q4.parquet
2026-03-31 16:37:36 - QuantSystem - INFO - Fetching yfinance data for ^GDAXI from 2022-12-31 to 2025-12-31
2026-03-31 16:37:36 - QuantSystem - INFO - Saved ^GDAXI to cache: cache/GDAXI_2025Q4.parquet
2026-03-31 16:37:36 - QuantSystem - INFO - Fetching akshare data for sh601939 from 2022-12-31 to 2025-12-31
2026-03-31 16:37:42 - QuantSystem - WARNING - stock_zh_a_hist failed for sh601939, trying fallback interfaces
2026-03-31 16:37:45 - QuantSystem - INFO - Saved sh601939 to cache: cache/sh601939_2025Q4.parquet
2026-03-31 16:37:45 - QuantSystem - INFO - Fetching akshare data for sh601288 from 2022-12-31 to 2025-12-31
2026-03-31 16:37:48 - QuantSystem - WARNING - stock_zh_a_hist failed for sh601288, trying fallback interfaces
2026-03-31 16:37:50 - QuantSystem - INFO - Saved sh601288 to cache: cache/sh601288_2025Q4.parquet
2026-03-31 16:37:50 - QuantSystem - INFO - Fetching akshare data for sh601988 from 2022-12-31 to 2025-12-31
2026-03-31 16:37:52 - QuantSystem - WARNING - stock_zh_a_hist failed for sh601988, trying fallback interfaces
2026-03-31 16:37:54 - QuantSystem - INFO - Saved sh601988 to cache: cache/sh601988_2025Q4.parquet
2026-03-31 16:37:54 - QuantSystem - INFO - Fetching akshare data for sh601398 from 2022-12-31 to 2025-12-31
2026-03-31 16:37:57 - QuantSystem - WARNING - stock_zh_a_hist failed for sh601398, trying fallback interfaces
2026-03-31 16:37:59 - QuantSystem - INFO - Saved sh601398 to cache: cache/sh601398_2025Q4.parquet
2026-03-31 16:37:59 - QuantSystem - INFO - Fetching akshare data for sz300059 from 2022-12-31 to 2025-12-31
2026-03-31 16:38:02 - QuantSystem - WARNING - stock_zh_a_hist failed for sz300059, trying fallback interfaces
2026-03-31 16:38:04 - QuantSystem - INFO - Saved sz300059 to cache: cache/sz300059_2025Q4.parquet
2026-03-31 16:38:04 - QuantSystem - INFO - Fetching yfinance data for GC=F from 2022-12-31 to 2025-12-31
2026-03-31 16:38:04 - QuantSystem - INFO - Saved GC=F to cache: cache/GCF_2025Q4.parquet
2026-03-31 16:38:04 - QuantSystem - INFO - Fetching yfinance data for SI=F from 2022-12-31 to 2025-12-31
2026-03-31 16:38:05 - QuantSystem - INFO - Saved SI=F to cache: cache/SIF_2025Q4.parquet
2026-03-31 16:38:05 - QuantSystem - INFO - Fetching yfinance data for HG=F from 2022-12-31 to 2025-12-31
2026-03-31 16:38:05 - QuantSystem - INFO - Saved HG=F to cache: cache/HGF_2025Q4.parquet
2026-03-31 16:38:05 - QuantSystem - INFO - Fetching yfinance data for BZ=F from 2022-12-31 to 2025-12-31
2026-03-31 16:38:05 - QuantSystem - INFO - Saved BZ=F to cache: cache/BZF_2025Q4.parquet
2026-03-31 16:38:05 - QuantSystem - INFO - HTML report generated: quarterly_analysis_report.html
2026-03-31 16:38:05 - QuantSystem - INFO - PDF report generated: quarterly_analysis_report.pdf
2026-03-31 16:38:05 - QuantSystem - INFO - History report saved to reports/history/Q4_2025_Analysis.txt
2026-03-31 16:43:11 - QuantSystem - INFO - Configuration loaded successfully.
2026-03-31 16:43:11 - QuantSystem - INFO - Fetching FX Rates (BOC with yfinance fallback)...
2026-03-31 16:43:11 - QuantSystem - INFO - Loading USDCNY=X from cache: cache/USDCNYX_2025Q4.parquet
2026-03-31 16:43:11 - QuantSystem - INFO - Loading EURCNY=X from cache: cache/EURCNYX_2025Q4.parquet
2026-03-31 16:43:11 - QuantSystem - INFO - Loading EURUSD=X from cache: cache/EURUSDX_2025Q4.parquet
2026-03-31 16:43:11 - QuantSystem - INFO - Fetching Stooq data for ^GSPC from 2022-12-31 to 2025-12-31
2026-03-31 16:43:11 - QuantSystem - ERROR - Stooq API error for ^GSPC: StooqDailyReader request returned no data; check URL for invalid inputs: https://stooq.com/q/d/l/
2026-03-31 16:43:11 - QuantSystem - INFO - Stooq failed for ^GSPC, trying yfinance fallback
2026-03-31 16:43:11 - QuantSystem - INFO - Fetching yfinance data for ^GSPC from 2022-12-31 to 2025-12-31
2026-03-31 16:43:12 - QuantSystem - INFO - Saved ^GSPC to cache: cache/GSPC_2025Q4.parquet
2026-03-31 16:43:12 - QuantSystem - INFO - Fetching yfinance data for ^GSPC from 2022-12-31 to 2025-12-31
2026-03-31 16:43:12 - QuantSystem - INFO - Saved ^GSPC to cache: cache/GSPC_2025Q4.parquet
2026-03-31 16:43:12 - QuantSystem - INFO - Fetching yfinance data for ^NDX from 2022-12-31 to 2025-12-31
2026-03-31 16:43:12 - QuantSystem - INFO - Saved ^NDX to cache: cache/NDX_2025Q4.parquet
2026-03-31 16:43:12 - QuantSystem - INFO - Fetching yfinance data for ^STOXX50E from 2022-12-31 to 2025-12-31
2026-03-31 16:43:12 - QuantSystem - INFO - Saved ^STOXX50E to cache: cache/STOXX50E_2025Q4.parquet
2026-03-31 16:43:12 - QuantSystem - INFO - Fetching yfinance data for ^GDAXI from 2022-12-31 to 2025-12-31
2026-03-31 16:43:13 - QuantSystem - INFO - Saved ^GDAXI to cache: cache/GDAXI_2025Q4.parquet
2026-03-31 16:43:13 - QuantSystem - INFO - Fetching akshare data for sh601939 from 2022-12-31 to 2025-12-31
2026-03-31 16:43:22 - QuantSystem - WARNING - stock_zh_a_hist failed for sh601939, trying fallback interfaces
2026-03-31 16:43:27 - QuantSystem - INFO - Saved sh601939 to cache: cache/sh601939_2025Q4.parquet
2026-03-31 16:43:27 - QuantSystem - INFO - Fetching akshare data for sh601288 from 2022-12-31 to 2025-12-31
2026-03-31 16:43:30 - QuantSystem - WARNING - stock_zh_a_hist failed for sh601288, trying fallback interfaces
2026-03-31 16:43:32 - QuantSystem - INFO - Saved sh601288 to cache: cache/sh601288_2025Q4.parquet
2026-03-31 16:43:32 - QuantSystem - INFO - Fetching akshare data for sh601988 from 2022-12-31 to 2025-12-31
2026-03-31 16:43:49 - QuantSystem - WARNING - stock_zh_a_hist failed for sh601988, trying fallback interfaces
2026-03-31 16:43:50 - QuantSystem - INFO - Saved sh601988 to cache: cache/sh601988_2025Q4.parquet
2026-03-31 16:43:50 - QuantSystem - INFO - Fetching akshare data for sh601398 from 2022-12-31 to 2025-12-31
2026-03-31 16:43:55 - QuantSystem - WARNING - stock_zh_a_hist failed for sh601398, trying fallback interfaces
2026-03-31 16:43:58 - QuantSystem - INFO - Saved sh601398 to cache: cache/sh601398_2025Q4.parquet
2026-03-31 16:43:58 - QuantSystem - INFO - Fetching akshare data for sz300059 from 2022-12-31 to 2025-12-31
2026-03-31 16:44:03 - QuantSystem - WARNING - stock_zh_a_hist failed for sz300059, trying fallback interfaces
2026-03-31 16:44:05 - QuantSystem - INFO - Saved sz300059 to cache: cache/sz300059_2025Q4.parquet
2026-03-31 16:44:05 - QuantSystem - INFO - Fetching yfinance data for GC=F from 2022-12-31 to 2025-12-31
2026-03-31 16:44:05 - QuantSystem - INFO - Saved GC=F to cache: cache/GCF_2025Q4.parquet
2026-03-31 16:44:05 - QuantSystem - INFO - Fetching yfinance data for SI=F from 2022-12-31 to 2025-12-31
2026-03-31 16:44:06 - QuantSystem - INFO - Saved SI=F to cache: cache/SIF_2025Q4.parquet
2026-03-31 16:44:06 - QuantSystem - INFO - Fetching yfinance data for HG=F from 2022-12-31 to 2025-12-31
2026-03-31 16:44:06 - QuantSystem - INFO - Saved HG=F to cache: cache/HGF_2025Q4.parquet
2026-03-31 16:44:06 - QuantSystem - INFO - Fetching yfinance data for BZ=F from 2022-12-31 to 2025-12-31
2026-03-31 16:44:06 - QuantSystem - INFO - Saved BZ=F to cache: cache/BZF_2025Q4.parquet
2026-03-31 16:44:06 - QuantSystem - INFO - HTML report generated: quarterly_analysis_report.html
2026-03-31 16:44:08 - QuantSystem - INFO - PDF report generated: quarterly_analysis_report.pdf
2026-03-31 16:44:08 - QuantSystem - INFO - History report saved to reports/history/Q4_2025_Analysis.txt
2026-03-31 19:26:00 - QuantSystem - INFO - Configuration loaded successfully.
2026-03-31 19:26:00 - QuantSystem - INFO - Fetching FX Rates (BOC with yfinance fallback)...
2026-03-31 19:26:00 - QuantSystem - INFO - Loading USDCNY=X from cache: cache/USDCNYX_2025Q4.parquet
2026-03-31 19:26:00 - QuantSystem - INFO - Loading EURCNY=X from cache: cache/EURCNYX_2025Q4.parquet
2026-03-31 19:26:00 - QuantSystem - INFO - Loading EURUSD=X from cache: cache/EURUSDX_2025Q4.parquet
2026-03-31 19:26:00 - QuantSystem - INFO - Loading ^GSPC from cache: cache/GSPC_2025Q4.parquet
2026-03-31 19:26:00 - QuantSystem - INFO - Loading ^GSPC from cache: cache/GSPC_2025Q4.parquet
2026-03-31 19:26:00 - QuantSystem - INFO - Loading ^NDX from cache: cache/NDX_2025Q4.parquet
2026-03-31 19:26:00 - QuantSystem - INFO - Loading ^STOXX50E from cache: cache/STOXX50E_2025Q4.parquet
2026-03-31 19:26:00 - QuantSystem - INFO - Loading ^GDAXI from cache: cache/GDAXI_2025Q4.parquet
2026-03-31 19:26:00 - QuantSystem - INFO - Loading sh601939 from cache: cache/sh601939_2025Q4.parquet
2026-03-31 19:26:00 - QuantSystem - INFO - Loading sh601288 from cache: cache/sh601288_2025Q4.parquet
2026-03-31 19:26:00 - QuantSystem - INFO - Loading sh601988 from cache: cache/sh601988_2025Q4.parquet
2026-03-31 19:26:00 - QuantSystem - INFO - Loading sh601398 from cache: cache/sh601398_2025Q4.parquet
2026-03-31 19:26:00 - QuantSystem - INFO - Loading sz300059 from cache: cache/sz300059_2025Q4.parquet
2026-03-31 19:26:00 - QuantSystem - INFO - Loading GC=F from cache: cache/GCF_2025Q4.parquet
2026-03-31 19:26:00 - QuantSystem - INFO - Loading SI=F from cache: cache/SIF_2025Q4.parquet
2026-03-31 19:26:00 - QuantSystem - INFO - Loading HG=F from cache: cache/HGF_2025Q4.parquet
2026-03-31 19:26:00 - QuantSystem - INFO - Loading BZ=F from cache: cache/BZF_2025Q4.parquet
2026-03-31 19:26:00 - QuantSystem - INFO - HTML report generated: quarterly_analysis_report.html
2026-03-31 19:26:01 - QuantSystem - INFO - PDF report generated: quarterly_analysis_report.pdf
2026-03-31 19:26:01 - QuantSystem - INFO - History report saved to reports/history/Q4_2025_Analysis.txt
2026-03-31 19:29:11 - QuantSystem - INFO - Configuration loaded successfully.
2026-03-31 19:29:11 - QuantSystem - INFO - Fetching FX Rates (BOC with yfinance fallback)...
2026-03-31 19:29:11 - QuantSystem - INFO - Loading USDCNY=X from cache: cache/USDCNYX_2025Q4.parquet
2026-03-31 19:29:12 - QuantSystem - INFO - Loading EURCNY=X from cache: cache/EURCNYX_2025Q4.parquet
2026-03-31 19:29:12 - QuantSystem - INFO - Loading EURUSD=X from cache: cache/EURUSDX_2025Q4.parquet
2026-03-31 19:29:12 - QuantSystem - INFO - Loading ^GSPC from cache: cache/GSPC_2025Q4.parquet
2026-03-31 19:29:12 - QuantSystem - INFO - Loading ^GSPC from cache: cache/GSPC_2025Q4.parquet
2026-03-31 19:29:12 - QuantSystem - INFO - Loading ^NDX from cache: cache/NDX_2025Q4.parquet
2026-03-31 19:29:12 - QuantSystem - INFO - Loading ^STOXX50E from cache: cache/STOXX50E_2025Q4.parquet
2026-03-31 19:29:12 - QuantSystem - INFO - Loading ^GDAXI from cache: cache/GDAXI_2025Q4.parquet
2026-03-31 19:29:12 - QuantSystem - INFO - Loading sh601939 from cache: cache/sh601939_2025Q4.parquet
2026-03-31 19:29:12 - QuantSystem - INFO - Loading sh601288 from cache: cache/sh601288_2025Q4.parquet
2026-03-31 19:29:12 - QuantSystem - INFO - Loading sh601988 from cache: cache/sh601988_2025Q4.parquet
2026-03-31 19:29:12 - QuantSystem - INFO - Loading sh601398 from cache: cache/sh601398_2025Q4.parquet
2026-03-31 19:29:12 - QuantSystem - INFO - Loading sz300059 from cache: cache/sz300059_2025Q4.parquet
2026-03-31 19:29:12 - QuantSystem - INFO - Loading GC=F from cache: cache/GCF_2025Q4.parquet
2026-03-31 19:29:12 - QuantSystem - INFO - Loading SI=F from cache: cache/SIF_2025Q4.parquet
2026-03-31 19:29:12 - QuantSystem - INFO - Loading HG=F from cache: cache/HGF_2025Q4.parquet
2026-03-31 19:29:12 - QuantSystem - INFO - Loading BZ=F from cache: cache/BZF_2025Q4.parquet
2026-03-31 19:29:12 - QuantSystem - INFO - HTML report generated: quarterly_analysis_report.html
2026-03-31 19:29:12 - QuantSystem - INFO - PDF report generated: quarterly_analysis_report.pdf
2026-03-31 19:29:12 - QuantSystem - INFO - History report saved to reports/history/Q4_2025_Analysis.txt
